config,strategy,participation,aum,mode,solver_status,capacity_infeasible,sum_of_caps,n_binding,deployed_gross,gross_sharpe,net_sharpe,gross_ann_ret,net_ann_ret,mean_monthly_capacity_cost,max_capacity_ratio,mean_capacity_ratio,capacity_penalized_share,spread_proxy_fill
orig+VIX,GM X=inf,inf,1000000.0,uncapped,optimal,False,,,0.999999895343944,1.3743892124363595,-1.1956914614976688,1.2463291387634756,-5.771782214685133,0.5593490030185311,187.75569690727067,1.88061028695106,0.24611398963730569,True
orig+VIX,GM X=0.02,0.02,1000000.0,hard,infeasible,True,0.44418243,54.0,0.0,,,0.0,0.0,0.0,,,0.0,True
orig+VIX,GM X=0.02,0.02,1000000.0,relaxed,optimal,True,0.44418243,54.0,0.011080640896164663,1.6709486280034742,1.1848357691789098,0.013982573691629682,0.009911362692401776,4.1090543154099394e-09,1.7845818734389693,0.020145545083256278,0.0006476683937823834,True
orig+VIX,Equal premium capped X=0.02,0.02,1000000.0,relaxed,reference,True,0.44418243,54.0,0.4219733085,-0.6831614631406565,-0.8977746467839178,-0.4325601439531513,-0.5681997793153103,0.0005198188264714253,13.055065597667637,0.345171704224394,0.06930051813471502,True
orig+VIX,Equal risk capped X=0.02,0.02,1000000.0,relaxed,reference,True,0.44418243,54.0,0.42197330850000003,-0.7953703163315914,-1.0270511318519162,-0.47152832689324964,-0.6087205640854612,0.000559868744734239,13.055065597667637,0.34391270519525824,0.06735751295336788,True
orig+VIX,GM X=0.05,0.05,1000000.0,hard,optimal,False,1.093102425,54.0,0.8358867592739936,1.448883263938508,1.0804018941470526,1.41935754910142,1.059056404962977,0.008800200380164236,32.63764544949893,0.7298575568369111,0.18037564766839378,True
orig+VIX,Equal premium capped X=0.05,0.05,1000000.0,hard,reference,False,1.093102425,54.0,1.0000000000000002,-0.5780032258702551,-0.8528990866914379,-0.8861416911331972,-1.3117874267719758,0.01012770167878767,32.637663994169095,0.8196503793472429,0.2036917098445596,True
orig+VIX,Equal risk capped X=0.05,0.05,1000000.0,hard,reference,False,1.093102425,54.0,1.0000000000000002,-0.673402063175249,-0.9770721749758121,-0.9597998631784758,-1.398163583367039,0.010951397455700127,32.637663994169095,0.8158180807906368,0.19818652849740934,True
orig+VIX,GM X=0.10,0.10,1000000.0,hard,optimal,False,2.10430385,51.0,0.9999995047616261,1.5724029761060898,0.48366054796510916,1.632268144744136,0.5690046448474797,0.06565446787899695,65.04793040327526,1.0106310722352814,0.23348445595854922,True
orig+VIX,Equal premium capped X=0.10,0.10,1000000.0,hard,reference,False,2.10430385,51.0,1.0000000000000004,-0.05762466072679445,-0.3330542367369344,-0.09577321544223219,-0.5557943585827576,0.013466587320702777,65.0479375696767,1.199262081183128,0.30505181347150256,True
orig+VIX,Equal risk capped X=0.10,0.10,1000000.0,hard,reference,False,2.10430385,51.0,1.0000000000000002,0.21085359890250557,-0.11388126736226804,0.3137320426610891,-0.16931208694760183,0.01825961400939966,65.0479375696767,1.180454106037485,0.2959844559585492,True
orig+VIX,Equal premium,,1000000.0,naive,reference,False,,,0.9999999999999998,-0.029556763365263826,-1.277060788576788,-0.05552159864526898,-3.0378469083709607,0.2208284635134876,206.44948181180064,2.7210577975761003,0.38147668393782386,True
orig+VIX,Equal risk,,1000000.0,naive,reference,False,,,0.9999999999999998,0.08183086586465663,-0.8631458113433279,0.10434553413680825,-1.1804681795489513,0.08463969237236303,115.88224267661492,2.1081828851059266,0.34650259067357514,True
orig+VIX,GM X=inf,inf,5000000.0,uncapped,optimal,False,,,0.999999895343944,1.3743892124363595,-1.4251752110323714,1.2463291387634756,-172.7055012729187,14.470492257871332,938.7784845363534,9.4030514347553,0.4566062176165803,True
orig+VIX,GM X=0.02,0.02,5000000.0,hard,infeasible,True,0.088836486,54.0,0.0,,,0.0,0.0,0.0,,,0.0,True
orig+VIX,GM X=0.02,0.02,5000000.0,relaxed,optimal,True,0.088836486,54.0,0.0022498834160685727,1.671064064179595,1.1848436472178547,0.0028385094180506444,0.002011935841890608,8.873996941615305e-10,1.80922724656333,0.02047128964191798,0.0006476683937823834,True
orig+VIX,Equal premium capped X=0.02,0.02,5000000.0,relaxed,reference,True,0.088836486,54.0,0.0843946617,-0.6831614631406572,-0.8977746467839179,-0.08651202879063033,-0.11363995586306208,0.00010396376529428509,13.055065597667637,0.345171704224394,0.06930051813471502,True
orig+VIX,Equal risk capped X=0.02,0.02,5000000.0,relaxed,reference,True,0.088836486,54.0,0.08439466170000001,-0.7953703163315913,-1.027051131851916,-0.09430566537864993,-0.12174411281709221,0.00011197374894684784,13.055065597667637,0.34391270519525813,0.06735751295336788,True
orig+VIX,GM X=0.05,0.05,5000000.0,hard,infeasible,True,0.21862048500000003,54.0,0.0,,,0.0,0.0,0.0,,,0.0,True
orig+VIX,GM X=0.05,0.05,5000000.0,relaxed,optimal,True,0.21862048500000003,54.0,0.005905069534177785,1.6709232242638585,1.184569495341908,0.007451334387991394,0.0052804351665271644,1.0569749154715273e-07,4.755318783708795,0.05368837412121049,0.005829015544041451,True
orig+VIX,Equal premium capped X=0.05,0.05,5000000.0,relaxed,reference,True,0.21862048500000003,54.0,0.20768946074999997,-0.7090064279845082,-0.9924079712922097,-0.22135944661935977,-0.31088238106117705,0.0021200040910637273,32.637663994169095,0.8281296943269698,0.20693005181347152,True
orig+VIX,Equal risk capped X=0.05,0.05,5000000.0,relaxed,reference,True,0.21862048500000003,54.0,0.20768946075000005,-0.8239645162660537,-1.1336722413679883,-0.24092115145191528,-0.3328529553952777,0.002275325903383077,32.637663994169095,0.8249885458295878,0.20207253886010362,True
orig+VIX,GM X=0.10,0.10,5000000.0,hard,infeasible,True,0.43724097000000006,54.0,0.0,,,0.0,0.0,0.0,,,0.0,True
orig+VIX,GM X=0.10,0.10,5000000.0,relaxed,optimal,True,0.43724097000000006,54.0,0.010891919668881962,1.670924300499086,1.1831503596567507,0.01374428295827505,0.00972567292099719,1.3953109384397118e-06,8.773195433440332,0.09900554326971311,0.017810880829015545,True
orig+VIX,Equal premium capped X=0.10,0.10,5000000.0,relaxed,reference,True,0.43724097000000006,54.0,0.41537892149999994,-0.7090064279845082,-1.2392497443923263,-0.44271889323871955,-0.8035894313756541,0.019392063953235783,65.27532798833819,1.6562593886539396,0.40382124352331605,True
orig+VIX,Equal risk capped X=0.10,0.10,5000000.0,relaxed,reference,True,0.43724097000000006,54.0,0.4153789215000001,-0.8239645162660537,-1.4061361151360232,-0.48184230290383057,-0.8593241741863595,0.020685507089749817,65.27532798833819,1.6499770916591756,0.4028497409326425,True
orig+VIX,Equal premium,,5000000.0,naive,reference,False,,,0.9999999999999998,-0.029556763365263826,-1.9277402239044095,-0.05552159864526898,-69.27941309542716,5.740958979101503,1032.247409059003,13.605288987880499,0.7632772020725389,True
orig+VIX,Equal risk,,5000000.0,naive,reference,False,,,0.9999999999999998,0.08183086586465663,-2.5933794144468387,0.10434553413680825,-27.98489231728626,2.318341703850472,579.4112133830746,10.540914425529632,0.6849093264248705,True
orig+VIX,GM X=inf,inf,10000000.0,uncapped,optimal,False,,,0.999999895343944,1.3743892124363595,-1.4349905085816936,1.2463291387634756,-696.7541472141373,58.14121275297287,1877.5569690727068,18.8061028695106,0.5582901554404145,True
orig+VIX,GM X=0.02,0.02,10000000.0,hard,infeasible,True,0.044418243,54.0,0.0,,,0.0,0.0,0.0,,,0.0,True
orig+VIX,GM X=0.02,0.02,10000000.0,relaxed,optimal,True,0.044418243,54.0,0.0011402691704873534,1.6709369098975615,1.1848495845023972,0.001438985597085633,0.001020021744601814,4.835103557100592e-10,1.837441377824879,0.020725380965071823,0.0006476683937823834,True
orig+VIX,Equal premium capped X=0.02,0.02,10000000.0,relaxed,reference,True,0.044418243,54.0,0.04219733085,-0.6831614631406572,-0.8977746467839179,-0.043256014395315165,-0.05681997793153104,5.1981882647142545e-05,13.055065597667637,0.345171704224394,0.06930051813471502,True
orig+VIX,Equal risk capped X=0.02,0.02,10000000.0,relaxed,reference,True,0.044418243,54.0,0.042197330850000006,-0.7953703163315913,-1.027051131851916,-0.047152832689324964,-0.06087205640854611,5.598687447342392e-05,13.055065597667637,0.34391270519525813,0.06735751295336788,True
orig+VIX,GM X=0.05,0.05,10000000.0,hard,infeasible,True,0.10931024250000002,54.0,0.0,,,0.0,0.0,0.0,,,0.0,True
orig+VIX,GM X=0.05,0.05,10000000.0,relaxed,optimal,True,0.10931024250000002,54.0,0.0026938838828232336,1.671025138230307,1.1845347109295057,0.003398219186406163,0.0024080381960968084,3.544530131058902e-08,4.326005583522513,0.049108366724842645,0.0048575129533678756,True
orig+VIX,Equal premium capped X=0.05,0.05,10000000.0,relaxed,reference,True,0.10931024250000002,54.0,0.10384473037499999,-0.7090064279845082,-0.9924079712922097,-0.11067972330967989,-0.15544119053058852,0.0010600020455318636,32.637663994169095,0.8281296943269698,0.20693005181347152,True
orig+VIX,Equal risk capped X=0.05,0.05,10000000.0,relaxed,reference,True,0.10931024250000002,54.0,0.10384473037500003,-0.8239645162660537,-1.1336722413679883,-0.12046057572595764,-0.16642647769763885,0.0011376629516915385,32.637663994169095,0.8249885458295878,0.20207253886010362,True
orig+VIX,GM X=0.10,0.10,10000000.0,hard,infeasible,True,0.21862048500000003,54.0,0.0,,,0.0,0.0,0.0,,,0.0,True
orig+VIX,GM X=0.10,0.10,10000000.0,relaxed,optimal,True,0.21862048500000003,54.0,0.005905069534177785,1.6709232242638585,1.18267169843649,0.007451334387991394,0.005270155251169809,9.623571046601107e-07,9.51063756741759,0.10737674824242098,0.020077720207253884,True
orig+VIX,Equal premium capped X=0.10,0.10,10000000.0,relaxed,reference,True,0.21862048500000003,54.0,0.20768946074999997,-0.7090064279845082,-1.2392497443923263,-0.22135944661935977,-0.40179471568782704,0.009696031976617892,65.27532798833819,1.6562593886539396,0.40382124352331605,True
orig+VIX,Equal risk capped X=0.10,0.10,10000000.0,relaxed,reference,True,0.21862048500000003,54.0,0.20768946075000005,-0.8239645162660537,-1.4061361151360232,-0.24092115145191528,-0.42966208709317977,0.010342753544874909,65.27532798833819,1.6499770916591756,0.4028497409326425,True
orig+VIX,Equal premium,,10000000.0,naive,reference,False,,,0.9999999999999998,-0.029556763365263826,-1.9316145073113,-0.05552159864526898,-277.43154441659163,23.086969922531882,2064.494818118006,27.210577975760998,0.885038860103627,True
orig+VIX,Equal risk,,10000000.0,naive,reference,False,,,0.9999999999999998,0.08183086586465663,-2.637487477494235,0.10434553413680825,-112.81696918532697,9.387681442853864,1158.8224267661492,21.081828851059264,0.8270725388601037,True
orig+VIX,GM X=inf,inf,25000000.0,uncapped,optimal,False,,,0.999999895343944,1.3743892124363595,-1.4391929839711195,1.2463291387634756,-4371.471125913346,364.3676276445734,4693.892422681766,47.0152571737765,0.6696891191709845,True
orig+VIX,GM X=0.02,0.02,25000000.0,hard,infeasible,True,0.017767297200000004,54.0,0.0,,,0.0,0.0,0.0,,,0.0,True
orig+VIX,GM X=0.02,0.02,25000000.0,relaxed,optimal,True,0.017767297200000004,54.0,0.0004792365824289869,1.6709047970604933,1.1847759505109146,0.0006047038013735554,0.00042862534313224183,2.5291812979656975e-10,1.9302175419134235,0.02177931963111043,0.0006476683937823834,True
orig+VIX,Equal premium capped X=0.02,0.02,25000000.0,relaxed,reference,True,0.017767297200000004,54.0,0.016878932340000003,-0.6831614631406575,-0.8977746467839186,-0.01730240575812608,-0.02272799117261243,2.0792753058857023e-05,13.055065597667637,0.34517170422439414,0.06930051813471502,True
orig+VIX,Equal risk capped X=0.02,0.02,25000000.0,relaxed,reference,True,0.017767297200000004,54.0,0.016878932340000003,-0.7953703163315915,-1.0270511318519167,-0.018861133075729987,-0.024348822563418457,2.2394749789369568e-05,13.055065597667637,0.34391270519525824,0.06735751295336788,True
orig+VIX,GM X=0.05,0.05,25000000.0,hard,infeasible,True,0.043724097,54.0,0.0,,,0.0,0.0,0.0,,,0.0,True
orig+VIX,GM X=0.05,0.05,25000000.0,relaxed,optimal,True,0.043724097,54.0,0.0011181198538386405,1.6709349758656635,1.1846194595896709,0.0014109101879671475,0.0009998935634634712,1.6529151163109625e-08,4.5020680788972385,0.05082918232555872,0.0051813471502590676,True
orig+VIX,Equal premium capped X=0.05,0.05,25000000.0,relaxed,reference,True,0.043724097,54.0,0.04153789215000001,-0.7090064279845083,-0.9924079712922098,-0.044271889323871966,-0.06217647621223543,0.00042400081821274556,32.637663994169095,0.8281296943269698,0.20693005181347152,True
orig+VIX,Equal risk capped X=0.05,0.05,25000000.0,relaxed,reference,True,0.043724097,54.0,0.041537892150000005,-0.823964516266053,-1.1336722413679878,-0.04818423029038302,-0.06657059107905551,0.00045506518067661543,32.637663994169095,0.8249885458295878,0.20207253886010362,True
orig+VIX,GM X=0.10,0.10,25000000.0,hard,infeasible,True,0.087448194,54.0,0.0,,,0.0,0.0,0.0,,,0.0,True
orig+VIX,GM X=0.10,0.10,25000000.0,relaxed,optimal,True,0.087448194,54.0,0.002340293714619451,1.6709241334297718,1.1827502469622924,0.0029531771349492184,0.0020888682862674796,3.705966140017479e-07,9.425570387201645,0.10636139069389342,0.019430051813471502,True
orig+VIX,Equal premium capped X=0.10,0.10,25000000.0,relaxed,reference,True,0.087448194,54.0,0.08307578430000002,-0.7090064279845083,-1.2392497443923265,-0.08854377864774393,-0.16071788627513084,0.0038784127906471566,65.27532798833819,1.6562593886539396,0.40382124352331605,True
orig+VIX,Equal risk capped X=0.10,0.10,25000000.0,relaxed,reference,True,0.087448194,54.0,0.08307578430000001,-0.823964516266053,-1.4061361151360225,-0.09636846058076604,-0.1718648348372718,0.004137101417949964,65.27532798833819,1.6499770916591756,0.4028497409326425,True
orig+VIX,Equal premium,,25000000.0,naive,reference,False,,,0.9999999999999998,-0.029556763365263826,-1.934830665517514,-0.05552159864526898,-1737.6005213225128,144.7677179980254,5161.237045295015,68.0264449394025,0.9698834196891192,True
orig+VIX,Equal risk,,25000000.0,naive,reference,False,,,0.9999999999999998,0.08183086586465663,-2.6538623476382126,0.10434553413680825,-709.5283537081287,59.11363015308735,2897.056066915374,52.70457212764816,0.9400906735751295,True
larger+VIX,GM X=inf,inf,1000000.0,uncapped,optimal,False,,,0.9999996047636934,0.7646532722533432,-1.836542798337894,0.49689290367790506,-13.134063795414312,1.1054297560670459,539.8258468483342,2.6807123327243096,0.2618998272884283,True
larger+VIX,GM X=0.02,0.02,1000000.0,hard,optimal,True,0.6261882,267.0,0.5978850808144249,0.7456903920873758,0.5004314817604898,0.5829525490510167,0.3908442694286868,0.0006724718888518143,18.903997584035903,0.38602379215852695,0.08145077720207254,True
larger+VIX,GM X=0.02,0.02,1000000.0,relaxed,optimal,True,0.6261882,267.0,0.2601538440452272,1.6626065910154717,1.0276063735421277,0.23140994254487407,0.14267279111536962,8.75995145372235e-05,11.140798393673165,0.2829429474953679,0.05547495682210708,True
larger+VIX,Equal premium capped X=0.02,0.02,1000000.0,relaxed,reference,True,0.6261882,267.0,0.59487879,-0.18256616283406038,-0.40760057005803013,-0.15367834246701592,-0.3428973846213773,0.0006562875636630398,18.904000000000003,0.3879753009670852,0.08234887737478411,True
larger+VIX,Equal risk capped X=0.02,0.02,1000000.0,relaxed,reference,True,0.6261882,267.0,0.59487879,-0.2610313711855787,-0.5004973095997977,-0.20913304124246945,-0.40078924393530313,0.0007022889803654544,18.904000000000003,0.386698773856027,0.0813126079447323,True
larger+VIX,GM X=0.05,0.05,1000000.0,hard,optimal,False,1.5148233500000001,267.0,0.9418762384360968,1.6788537640783985,1.1094064452064063,1.2414426429370629,0.8167174781860957,0.010284584675995844,30.80764129488333,0.7847211296358462,0.2029706390328152,True
larger+VIX,Equal premium capped X=0.05,0.05,1000000.0,hard,reference,False,1.5148233500000001,267.0,1.0,0.31707038140823524,0.07315945121517858,0.47925714549380316,0.11052489892013798,0.005280272594564937,47.26,0.8801834695774756,0.23101899827288427,True
larger+VIX,Equal risk capped X=0.05,0.05,1000000.0,hard,reference,False,1.5148233500000001,267.0,1.0,0.5318138872348496,0.2663982516059365,0.7758521560685097,0.3873836477195506,0.008451444275008546,47.26,0.8694501910193551,0.22659758203799654,True
larger+VIX,GM X=0.10,0.10,1000000.0,hard,optimal,False,2.9477457,264.0,0.9999990218671961,1.52896686022378,0.7046580264335466,0.9915636180479726,0.45791405047959877,0.016985127370739584,55.70399225267596,1.114035144657133,0.27274611398963733,True
larger+VIX,Equal premium capped X=0.10,0.10,1000000.0,hard,reference,False,2.9477457,264.0,1.0,0.5511726383074307,0.20211657183880197,0.8454459534668393,0.3088499876034274,0.018134870601884453,94.52,1.501880576863596,0.36594127806563037,True
larger+VIX,Equal risk capped X=0.10,0.10,1000000.0,hard,reference,False,2.9477457,264.0,1.0,0.6266458482861157,0.21415016699228281,0.7997909310693451,0.27338329016881757,0.019205398095077326,80.48148148148148,1.4542842321888856,0.351986183074266,True
larger+VIX,Equal premium,,1000000.0,naive,reference,False,,,1.0,0.48513564180639357,-1.2891001727792821,0.7704041686225576,-2.069083714872511,0.2065269486745072,149.81273408239701,3.4972542403525226,0.4773747841105354,True
larger+VIX,Equal risk,,1000000.0,naive,reference,False,,,0.9999999999999999,0.5755618640569028,-1.381691190303191,0.632519986416876,-1.5876400034981502,0.15819306394162103,159.88907272755804,2.986658721992768,0.43115716753022454,True
larger+VIX,GM X=inf,inf,5000000.0,uncapped,optimal,False,,,0.9999996047636934,0.7646532722533432,-1.9007580134334907,0.49689290367790506,-339.2972742943523,28.28569729764522,2699.1292342416714,13.403561663621549,0.4297754749568221,True
larger+VIX,GM X=0.02,0.02,5000000.0,hard,infeasible,True,0.12523764,267.0,0.0,,,0.0,0.0,0.0,,,0.0,True
larger+VIX,GM X=0.02,0.02,5000000.0,relaxed,optimal,True,0.12523764,267.0,0.00047511405209702993,0.5397737805539701,-0.22395468532603446,0.00013619141839901544,-5.634895764985755e-05,3.1079664106918814e-13,1.0252623557999823,0.007318381450545083,6.90846286701209e-05,True
larger+VIX,Equal premium capped X=0.02,0.02,5000000.0,relaxed,reference,True,0.12523764,267.0,0.118975758,-0.18256616283406,-0.40760057005802997,-0.030735668493403118,-0.06857947692427543,0.000131257512732608,18.904000000000003,0.3879753009670852,0.08241796200345423,True
larger+VIX,Equal risk capped X=0.02,0.02,5000000.0,relaxed,reference,True,0.12523764,267.0,0.118975758,-0.261031371185578,-0.5004973095997971,-0.041826608248493796,-0.08015784878706055,0.0001404577960730909,18.904000000000003,0.386698773856027,0.08138169257340241,True
larger+VIX,GM X=0.05,0.05,5000000.0,hard,infeasible,True,0.30296467,267.0,0.0,,,0.0,0.0,0.0,,,0.0,True
larger+VIX,GM X=0.05,0.05,5000000.0,relaxed,optimal,True,0.30296467,267.0,0.000905129825778349,0.5399117947050189,-0.22382089230460178,0.00025953982006416017,-0.00010729158759142052,1.3594560346521428e-09,1.9566347065212928,0.013943655462102232,0.0004145077720207254,True
larger+VIX,Equal premium capped X=0.05,0.05,5000000.0,relaxed,reference,True,0.30296467,267.0,0.2878164365,-0.2063178330467548,-0.5011490540402863,-0.08504049271572173,-0.2064389263023721,0.002722244644160792,47.26000000000001,0.9190867950971852,0.24151986183074267,True
larger+VIX,Equal risk capped X=0.05,0.05,5000000.0,relaxed,reference,True,0.30296467,267.0,0.2878164365,-0.2873724142902381,-0.6051579719027417,-0.1126545944250029,-0.23711870207834373,0.00290094740765543,47.26000000000001,0.9159763917515288,0.23910189982728844,True
larger+VIX,GM X=0.10,0.10,5000000.0,hard,optimal,True,0.60592934,267.0,0.5978850775293402,0.6947117689810134,0.040063357127093725,0.5438247818157884,0.03164437423771351,0.027211251056533756,94.51999687312666,1.842067955958992,0.44082901554404147,True
larger+VIX,GM X=0.10,0.10,5000000.0,relaxed,optimal,True,0.60592934,267.0,0.21607988442871628,1.6299980666286995,0.6392416117784389,0.18840889341766204,0.07413746015750133,0.003347486506271506,55.703994842975796,1.263925258603785,0.3106044905008636,True
larger+VIX,Equal premium capped X=0.10,0.10,5000000.0,relaxed,reference,True,0.60592934,267.0,0.575632873,-0.2063178330467548,-0.7788871866934489,-0.17008098543144345,-0.6497929698097707,0.025187415722073798,94.52000000000002,1.8381735901943703,0.4398618307426598,True
larger+VIX,Equal risk capped X=0.10,0.10,5000000.0,relaxed,reference,True,0.60592934,267.0,0.575632873,-0.2873724142902381,-0.9113943497346573,-0.2253091888500058,-0.7244956545982649,0.02665674901877563,94.52000000000002,1.8319527835030576,0.43937823834196893,True
larger+VIX,Equal premium,,5000000.0,naive,reference,False,,,1.0,0.48513564180639357,-4.2494456115089445,0.7704041686225576,-64.8683501644848,5.439799152808864,749.0636704119851,17.48627120176261,0.7843868739205527,True
larger+VIX,Equal risk,,5000000.0,naive,reference,False,,,0.9999999999999999,0.5755618640569028,-5.085211276139928,0.632519986416876,-50.55539353966464,4.238839191955496,799.44536363779,14.933293609963838,0.7233851468048359,True
larger+VIX,GM X=inf,inf,10000000.0,uncapped,optimal,False,,,0.9999996047636934,0.7646532722533432,-1.9061123949132137,0.49689290367790506,-1361.648385603817,113.48162324010057,5398.258468483343,26.807123327243097,0.4949913644214162,True
larger+VIX,GM X=0.02,0.02,10000000.0,hard,infeasible,True,0.06261882,267.0,0.0,,,0.0,0.0,0.0,,,0.0,True
larger+VIX,GM X=0.02,0.02,10000000.0,relaxed,optimal,True,0.06261882,267.0,0.00023200214811255464,0.539878745598935,-0.2238275400138684,6.651962474340666e-05,-2.7501318555864785e-05,1.6518915289639231e-15,1.0026338302357312,0.007147839424644423,6.90846286701209e-05,True
larger+VIX,Equal premium capped X=0.02,0.02,10000000.0,relaxed,reference,True,0.06261882,267.0,0.059487879,-0.18256616283406,-0.40760057005802997,-0.015367834246701559,-0.03428973846213772,6.5628756366304e-05,18.904000000000003,0.3879753009670852,0.08241796200345423,True
larger+VIX,Equal risk capped X=0.02,0.02,10000000.0,relaxed,reference,True,0.06261882,267.0,0.059487879,-0.261031371185578,-0.5004973095997971,-0.020913304124246898,-0.04007892439353027,7.022889803654546e-05,18.904000000000003,0.386698773856027,0.08138169257340241,True
larger+VIX,GM X=0.05,0.05,10000000.0,hard,infeasible,True,0.151482335,267.0,0.0,,,0.0,0.0,0.0,,,0.0,True
larger+VIX,GM X=0.05,0.05,10000000.0,relaxed,optimal,True,0.151482335,267.0,0.00044181324413749895,0.5398636023996474,-0.2238830972654122,0.0001266715835108574,-5.2384305567658435e-05,5.883377587654204e-10,1.9089766151451655,0.013612109061614414,0.0003454231433506045,True
larger+VIX,Equal premium capped X=0.05,0.05,10000000.0,relaxed,reference,True,0.151482335,267.0,0.14390821825,-0.2063178330467548,-0.5011490540402863,-0.042520246357860864,-0.10321946315118605,0.001361122322080396,47.26000000000001,0.9190867950971852,0.24151986183074267,True
larger+VIX,Equal risk capped X=0.05,0.05,10000000.0,relaxed,reference,True,0.151482335,267.0,0.14390821825,-0.2873724142902381,-0.6051579719027417,-0.05632729721250145,-0.11855935103917187,0.001450473703827715,47.26000000000001,0.9159763917515288,0.23910189982728844,True
larger+VIX,GM X=0.10,0.10,10000000.0,hard,infeasible,True,0.30296467,267.0,0.0,,,0.0,0.0,0.0,,,0.0,True
larger+VIX,GM X=0.10,0.10,10000000.0,relaxed,optimal,True,0.30296467,267.0,0.000905129825778349,0.5399117947050189,-0.22428903829751434,0.00025953982006416017,-0.00010751266964706654,1.978296067182252e-08,3.9132694130425856,0.027887310924204465,0.0015889464594127808,True
larger+VIX,Equal premium capped X=0.10,0.10,10000000.0,relaxed,reference,True,0.30296467,267.0,0.2878164365,-0.2063178330467548,-0.7788871866934489,-0.08504049271572173,-0.3248964849048854,0.012593707861036899,94.52000000000002,1.8381735901943703,0.4398618307426598,True
larger+VIX,Equal risk capped X=0.10,0.10,10000000.0,relaxed,reference,True,0.30296467,267.0,0.2878164365,-0.2873724142902381,-0.9113943497346573,-0.1126545944250029,-0.36224782729913246,0.013328374509387815,94.52000000000002,1.8319527835030576,0.43937823834196893,True
larger+VIX,Equal premium,,10000000.0,naive,reference,False,,,1.0,0.48513564180639357,-4.254380752449241,0.7704041686225576,-262.5241144407351,21.911112842496383,1498.1273408239701,34.97254240352522,0.8653540587219344,True
larger+VIX,Equal risk,,10000000.0,naive,reference,False,,,0.9999999999999999,0.5755618640569028,-5.148875029372404,0.632519986416876,-205.0186069607214,17.110773643710225,1598.89072727558,29.866587219927677,0.8124352331606217,True
larger+VIX,GM X=inf,inf,25000000.0,uncapped,optimal,False,,,0.9999996047636934,0.7646532722533432,-1.9091394524067273,0.49689290367790506,-8526.370529499805,710.5418018980997,13495.646171208356,67.01780831810775,0.5742314335060449,True
larger+VIX,GM X=0.02,0.02,25000000.0,hard,infeasible,True,0.025047528,267.0,0.0,,,0.0,0.0,0.0,,,0.0,True
larger+VIX,GM X=0.02,0.02,25000000.0,relaxed,optimal,True,0.025047528,267.0,9.347099066566949e-05,0.5400321490541969,-0.22364489192452813,2.680960140018568e-05,-1.1071715497986029e-05,1.2854657930582537e-14,1.0115656864688385,0.007200569602757412,6.90846286701209e-05,True
larger+VIX,Equal premium capped X=0.02,0.02,25000000.0,relaxed,reference,True,0.025047528,267.0,0.023795151599999998,-0.18256616283405933,-0.4076005700580291,-0.0061471336986806,-0.013715895384855056,2.625150254652159e-05,18.904000000000003,0.3879753009670852,0.08241796200345423,True
larger+VIX,Equal risk capped X=0.02,0.02,25000000.0,relaxed,reference,True,0.025047528,267.0,0.023795151599999998,-0.2610313711855776,-0.5004973095997967,-0.008365321649698745,-0.016031569757412097,2.809155921461818e-05,18.904000000000003,0.386698773856027,0.08138169257340241,True
larger+VIX,GM X=0.05,0.05,25000000.0,hard,infeasible,True,0.060592934,267.0,0.0,,,0.0,0.0,0.0,,,0.0,True
larger+VIX,GM X=0.05,0.05,25000000.0,relaxed,optimal,True,0.060592934,267.0,0.0001770171358428332,0.5398842615267505,-0.22383816173758295,5.0755977748477015e-05,-2.0984788228232712e-05,2.3810798255380983e-10,1.913019160638632,0.013634279915324779,0.0003454231433506045,True
larger+VIX,Equal premium capped X=0.05,0.05,25000000.0,relaxed,reference,True,0.060592934,267.0,0.0575632873,-0.20631783304675477,-0.5011490540402864,-0.01700809854314434,-0.04128778526047442,0.0005444489288321582,47.25999999999999,0.9190867950971852,0.24151986183074267,True
larger+VIX,Equal risk capped X=0.05,0.05,25000000.0,relaxed,reference,True,0.060592934,267.0,0.057563287299999995,-0.2873724142902378,-0.605157971902741,-0.02253091888500056,-0.04742374041566871,0.000580189481531086,47.25999999999999,0.9159763917515289,0.23910189982728844,True
larger+VIX,GM X=0.10,0.10,25000000.0,hard,infeasible,True,0.121185868,267.0,0.0,,,0.0,0.0,0.0,,,0.0,True
larger+VIX,GM X=0.10,0.10,25000000.0,relaxed,optimal,True,0.121185868,267.0,0.0003230769200029309,0.5399411839382017,-0.2241020714332787,9.264583189711858e-05,-3.834414121139115e-05,4.8551573304602296e-09,3.4929972782034238,0.024886050593036554,0.001450777202072539,True
larger+VIX,Equal premium capped X=0.10,0.10,25000000.0,relaxed,reference,True,0.121185868,267.0,0.1151265746,-0.20631783304675477,-0.7788871866934487,-0.03401619708628868,-0.12995859396195414,0.0050374831444147585,94.51999999999998,1.8381735901943703,0.4398618307426598,True
larger+VIX,Equal risk capped X=0.10,0.10,25000000.0,relaxed,reference,True,0.121185868,267.0,0.11512657459999999,-0.2873724142902378,-0.9113943497346565,-0.04506183777000112,-0.14489913091965292,0.005331349803755127,94.51999999999998,1.8319527835030578,0.43937823834196893,True
larger+VIX,Equal premium,,25000000.0,naive,reference,False,,,1.0,0.48513564180639357,-4.257191309586764,0.7704041686225576,-1649.8995081083995,137.52572898146843,3745.318352059925,87.43135600881304,0.9397582037996546,True
larger+VIX,Equal risk,,25000000.0,naive,reference,False,,,0.9999999999999999,0.5755618640569028,-5.170464806789699,0.632519986416876,-1290.1245642278354,107.53627008263636,3997.226818188951,74.66646804981919,0.9031433506044905,True
orig,GM X=inf,inf,1000000.0,uncapped,optimal,False,,,0.9999997389333717,0.8421199757145471,-1.442586487343064,0.8941654470114354,-7.900043500898921,0.7096108990131873,184.86648191455512,2.346207920948876,0.29229122055674517,False
orig,GM X=0.02,0.02,1000000.0,hard,infeasible,True,0.30235852999999996,49.0,0.0,,,0.0,0.0,0.0,,,0.0,False
orig,GM X=0.02,0.02,1000000.0,relaxed,optimal,True,0.30235852999999996,49.0,0.010373448148305889,0.8133160547791779,0.4919709141073997,0.00735044741993994,0.0044572924223830555,3.684710971081251e-09,1.1688651880860856,0.021757701967677734,0.00035688793718772306,False
orig,Equal premium capped X=0.02,0.02,1000000.0,relaxed,reference,True,0.30235852999999996,49.0,0.2872406034999999,0.5411857931289386,0.40486825180141667,0.27655149380465116,0.2068472858979365,0.0002848183648971673,13.055065597667637,0.33706590255970886,0.06745182012847965,False
orig,Equal risk capped X=0.02,0.02,1000000.0,relaxed,reference,True,0.30235852999999996,49.0,0.28724060349999997,0.5578769605187026,0.41400809192197036,0.2782761884708371,0.20647349240106813,0.0004789683733573483,13.055065597667637,0.34250432159877114,0.06745182012847965,False
orig,GM X=0.05,0.05,1000000.0,hard,optimal,True,0.7385426750000001,49.0,0.6135828916039522,0.8502989400453176,0.5801919758457493,0.786470848467228,0.5380803539929547,0.007855363868032877,32.523958148720546,0.7391326760298664,0.18344039971448964,False
orig,GM X=0.05,0.05,1000000.0,relaxed,optimal,True,0.7385426750000001,49.0,0.376047795199745,1.1063832811879337,0.9092291362811301,0.6571649368753779,0.5391276615115654,0.0016165077375756747,32.523964815093564,0.5288791558686373,0.12419700214132762,False
orig,Equal premium capped X=0.05,0.05,1000000.0,relaxed,reference,True,0.7385426750000001,49.0,0.7016155412500003,0.5339601177891415,0.34997817375459306,0.6718324364382067,0.4408374574111397,0.005712824163158211,32.637663994169095,0.8048205705414401,0.20378301213418987,False
orig,Equal risk capped X=0.05,0.05,1000000.0,relaxed,reference,True,0.7385426750000001,49.0,0.7016155412500003,0.5502190612573529,0.3269915262659169,0.6760192024098434,0.4029534858005679,0.009265512217886766,32.637663994169095,0.8180225524450543,0.20092790863668808,False
orig,GM X=0.10,0.10,1000000.0,hard,optimal,False,1.4770853500000003,49.0,0.7563749907731061,1.2658745236282296,0.7794081647929816,1.1184296736506751,0.6941252530457722,0.01924102646776637,65.04783310277962,1.0312848846354399,0.25553176302640973,False
orig,Equal premium capped X=0.10,0.10,1000000.0,hard,reference,False,1.4770853500000003,49.0,1.0,0.4898275940742701,0.22006243184246252,0.8713555088380751,0.39620223055339887,0.019307067526654776,65.27532798833819,1.3759267259687915,0.3515346181299072,False
orig,Equal risk capped X=0.10,0.10,1000000.0,hard,reference,False,1.4770853500000003,49.0,1.0,0.632209636237215,0.25231127125388025,1.0423504044256189,0.41847917507215693,0.03253683375156892,65.0479375696767,1.3611960544112294,0.3386866523911492,False
orig,Equal premium,,1000000.0,naive,reference,False,,,0.9999999999999999,0.26720609586855976,-1.2018621455650496,0.5349314313520563,-3.330750366541321,0.2967765238918966,227.51575546606597,3.2715857376383144,0.4428979300499643,False
orig,Equal risk,,1000000.0,naive,reference,False,,,1.0,0.3398774829634941,-0.7310758622105712,0.45098340578702545,-1.0551161436922953,0.10443665552657001,124.00150562653495,2.4661194513429616,0.3932905067808708,False
orig,GM X=inf,inf,5000000.0,uncapped,optimal,False,,,0.9999997389333717,0.8421199757145471,-1.5952424993557213,0.8941654470114354,-219.84396056954026,18.37160398806663,924.3324095727755,11.731039604744382,0.539971448965025,False
orig,GM X=0.02,0.02,5000000.0,hard,infeasible,True,0.060471706,49.0,0.0,,,0.0,0.0,0.0,,,0.0,False
orig,GM X=0.02,0.02,5000000.0,relaxed,optimal,True,0.060471706,49.0,0.0020594799305056967,0.8133170005433881,0.4919700303689673,0.0014593090779203455,0.0008849187287612717,6.59067367760228e-10,1.1602833818721725,0.021598543545576998,0.00035688793718772306,False
orig,Equal premium capped X=0.02,0.02,5000000.0,relaxed,reference,True,0.060471706,49.0,0.0574481207,0.5411857931289389,0.4048682518014168,0.05531029876093028,0.041369457179587316,5.6963672979433604e-05,13.055065597667637,0.3370659025597089,0.06745182012847965,False
orig,Equal risk capped X=0.02,0.02,5000000.0,relaxed,reference,True,0.060471706,49.0,0.0574481207,0.5578769605187028,0.4140080919219707,0.055655237694167456,0.041294698480213665,9.579367467146965e-05,13.055065597667637,0.34250432159877114,0.06745182012847965,False
orig,GM X=0.05,0.05,5000000.0,hard,infeasible,True,0.147708535,49.0,0.0,,,0.0,0.0,0.0,,,0.0,False
orig,GM X=0.05,0.05,5000000.0,relaxed,optimal,True,0.147708535,49.0,0.004589843513040386,0.81319000650718,0.4910290913353408,0.003250249293713901,0.0019674548604281857,2.0467437743340525e-07,2.586395861174605,0.048214552109024006,0.0032119914346895075,False
orig,Equal premium capped X=0.05,0.05,5000000.0,relaxed,reference,True,0.147708535,49.0,0.14032310824999997,0.5339601177891415,0.34997817375459295,0.13436648728764125,0.08816749148222791,0.0011425648326316385,32.637663994169095,0.8048205705414399,0.20378301213418987,False
orig,Equal risk capped X=0.05,0.05,5000000.0,relaxed,reference,True,0.147708535,49.0,0.14032310825,0.5502190612573528,0.32699152626591704,0.1352038404819686,0.08059069716011355,0.0018531024435773536,32.637663994169095,0.8180225524450543,0.20092790863668808,False
orig,GM X=0.10,0.10,5000000.0,hard,infeasible,True,0.29541707,49.0,0.0,,,0.0,0.0,0.0,,,0.0,False
orig,GM X=0.10,0.10,5000000.0,relaxed,optimal,True,0.29541707,49.0,0.010044847283951717,0.8133240766707247,0.48423636809754633,0.0071175203786841635,0.004247265629705162,5.726296208242725e-06,5.65874905672012,0.10535526911108334,0.01891506067094932,False
orig,Equal premium capped X=0.10,0.10,5000000.0,relaxed,reference,True,0.29541707,49.0,0.28064621649999993,0.5339601177891415,0.1503001995703799,0.2687329745752825,0.07691461803641302,0.010570160075933512,65.27532798833819,1.6096411410828797,0.39828693790149894,False
orig,Equal risk capped X=0.10,0.10,5000000.0,relaxed,reference,True,0.29541707,49.0,0.2806462165,0.5502190612573528,0.01302962512237306,0.2704076809639372,0.006713758426951877,0.01657850787826097,65.27532798833819,1.6360451048901086,0.3975731620271235,False
orig,Equal premium,,5000000.0,naive,reference,False,,,0.9999999999999999,0.26720609586855976,-1.9156461839980148,0.5349314313520563,-92.03770009622774,7.689022334699096,1137.57877733033,16.357928688191574,0.8226266952177016,False
orig,Equal risk,,5000000.0,naive,reference,False,,,1.0,0.3398774829634941,-2.5794989229518643,0.45098340578702545,-33.934365434914525,2.8443740964617557,620.0075281326748,12.330597256714809,0.7498215560314061,False
orig,GM X=inf,inf,10000000.0,uncapped,optimal,False,,,0.9999997389333717,0.8421199757145471,-1.6028502695111866,0.8941654470114354,-885.1997430373058,73.81791919371376,1848.664819145551,23.462079209488763,0.6384725196288366,False
orig,GM X=0.02,0.02,10000000.0,hard,infeasible,True,0.030235853,49.0,0.0,,,0.0,0.0,0.0,,,0.0,False
orig,GM X=0.02,0.02,10000000.0,relaxed,optimal,True,0.030235853,49.0,0.0008812960490569797,0.8133229157678218,0.49197645983157173,0.000624473092305241,0.00037868006294561297,0.0,0.9929799444574448,0.01848585801194576,0.0,False
orig,Equal premium capped X=0.02,0.02,10000000.0,relaxed,reference,True,0.030235853,49.0,0.02872406035,0.5411857931289389,0.4048682518014168,0.02765514938046514,0.020684728589793658,2.8481836489716802e-05,13.055065597667637,0.3370659025597089,0.06745182012847965,False
orig,Equal risk capped X=0.02,0.02,10000000.0,relaxed,reference,True,0.030235853,49.0,0.02872406035,0.5578769605187028,0.4140080919219707,0.027827618847083728,0.020647349240106833,4.7896837335734824e-05,13.055065597667637,0.34250432159877114,0.06745182012847965,False
orig,GM X=0.05,0.05,10000000.0,hard,infeasible,True,0.0738542675,49.0,0.0,,,0.0,0.0,0.0,,,0.0,False
orig,GM X=0.05,0.05,10000000.0,relaxed,optimal,True,0.0738542675,49.0,0.0023669246651241357,0.8133042437494148,0.49129875845405263,0.0016771215079348682,0.0010156035386101956,1.1818009245075498e-07,2.6673398659726963,0.049644203210757853,0.0032119914346895075,False
orig,Equal premium capped X=0.05,0.05,10000000.0,relaxed,reference,True,0.0738542675,49.0,0.07016155412499998,0.5339601177891415,0.34997817375459295,0.06718324364382063,0.044083745741113955,0.0005712824163158193,32.637663994169095,0.8048205705414399,0.20378301213418987,False
orig,Equal risk capped X=0.05,0.05,10000000.0,relaxed,reference,True,0.0738542675,49.0,0.070161554125,0.5502190612573528,0.32699152626591704,0.0676019202409843,0.040295348580056775,0.0009265512217886768,32.637663994169095,0.8180225524450543,0.20092790863668808,False
orig,GM X=0.10,0.10,10000000.0,hard,infeasible,True,0.147708535,49.0,0.0,,,0.0,0.0,0.0,,,0.0,False
orig,GM X=0.10,0.10,10000000.0,relaxed,optimal,True,0.147708535,49.0,0.004589843513040386,0.81319000650718,0.48567488310603,0.003250249293713901,0.0019456813479725942,2.019133748732706e-06,5.17279172234921,0.09642910421804801,0.017130620985010708,False
orig,Equal premium capped X=0.10,0.10,10000000.0,relaxed,reference,True,0.147708535,49.0,0.14032310824999997,0.5339601177891415,0.1503001995703799,0.13436648728764125,0.03845730901820651,0.005285080037966756,65.27532798833819,1.6096411410828797,0.39828693790149894,False
orig,Equal risk capped X=0.10,0.10,10000000.0,relaxed,reference,True,0.147708535,49.0,0.14032310825,0.5502190612573528,0.01302962512237306,0.1352038404819686,0.0033568792134759384,0.008289253939130485,65.27532798833819,1.6360451048901086,0.3975731620271235,False
orig,Equal premium,,10000000.0,naive,reference,False,,,0.9999999999999999,0.26720609586855976,-1.9283390177095479,0.5349314313520563,-370.63277138753733,30.905278275641557,2275.15755466066,32.71585737638315,0.9182726623840114,False
orig,Equal risk,,10000000.0,naive,reference,False,,,1.0,0.3398774829634941,-2.633316066835835,0.45098340578702545,-137.90203579745724,11.508346626673646,1240.0150562653496,24.661194513429617,0.8779443254817987,False
orig,GM X=inf,inf,25000000.0,uncapped,optimal,False,,,0.9999997389333717,0.8421199757145471,-1.606573445393823,0.8941654470114354,-5550.796891771521,462.6176815882317,4621.662047863878,58.6551980237219,0.7466095645967167,False
orig,GM X=0.02,0.02,25000000.0,hard,infeasible,True,0.0120943412,49.0,0.0,,,0.0,0.0,0.0,,,0.0,False
orig,GM X=0.02,0.02,25000000.0,relaxed,optimal,True,0.0120943412,49.0,0.0003835671199298721,0.8132977381785275,0.49195855480137124,0.0002717793120354741,0.00016480573380831787,3.101771535193762e-11,1.0805692340390647,0.02011047808179862,0.00035688793718772306,False
orig,Equal premium capped X=0.02,0.02,25000000.0,relaxed,reference,True,0.0120943412,49.0,0.011489624140000002,0.5411857931289388,0.4048682518014168,0.011062059752186052,0.00827389143591746,1.1392734595886708e-05,13.055065597667637,0.3370659025597089,0.06745182012847965,False
orig,Equal risk capped X=0.02,0.02,25000000.0,relaxed,reference,True,0.0120943412,49.0,0.011489624140000002,0.5578769605187027,0.41400809192197063,0.011131047538833488,0.008258939696042732,1.915873493429394e-05,13.055065597667637,0.34250432159877114,0.06745182012847965,False
orig,GM X=0.05,0.05,25000000.0,hard,infeasible,True,0.029541707,49.0,0.0,,,0.0,0.0,0.0,,,0.0,False
orig,GM X=0.05,0.05,25000000.0,relaxed,optimal,True,0.029541707,49.0,0.0008426487373042918,0.8133225959781588,0.49154293515333963,0.0005970869469641385,0.00036174951642591535,2.6829029916010034e-08,2.3735383144588464,0.04418855091381896,0.0028551034975017845,False
orig,Equal premium capped X=0.05,0.05,25000000.0,relaxed,reference,True,0.029541707,49.0,0.02806462165,0.5339601177891418,0.3499781737545934,0.02687329745752827,0.0176334982964456,0.00022851296652632783,32.637663994169095,0.8048205705414399,0.20378301213418987,False
orig,Equal risk capped X=0.05,0.05,25000000.0,relaxed,reference,True,0.029541707,49.0,0.02806462165,0.5502190612573531,0.32699152626591715,0.02704076809639374,0.01611813943202272,0.0003706204887154706,32.637663994169095,0.8180225524450543,0.20092790863668808,False
orig,GM X=0.10,0.10,25000000.0,hard,infeasible,True,0.059083414,49.0,0.0,,,0.0,0.0,0.0,,,0.0,False
orig,GM X=0.10,0.10,25000000.0,relaxed,optimal,True,0.059083414,49.0,0.0019955974830539857,0.8133194216657152,0.4844044803643272,0.0014140970512101258,0.0008441392319105923,1.1162943197428232e-06,5.621751126714537,0.1046451738944953,0.018201284796573874,False
orig,Equal premium capped X=0.10,0.10,25000000.0,relaxed,reference,True,0.059083414,49.0,0.0561292433,0.5339601177891418,0.15030019957038007,0.05374659491505654,0.015382923607282621,0.002114032015186703,65.27532798833819,1.6096411410828797,0.39828693790149894,False
orig,Equal risk capped X=0.10,0.10,25000000.0,relaxed,reference,True,0.059083414,49.0,0.0561292433,0.5502190612573531,0.013029625122373408,0.05408153619278748,0.0013427516853904114,0.003315701575652194,65.27532798833819,1.6360451048901086,0.3975731620271235,False
orig,Equal premium,,25000000.0,naive,reference,False,,,0.9999999999999999,0.26720609586855976,-1.933944565856247,0.5349314313520563,-2324.5340431210443,193.7303842534338,5687.893886651649,81.78964344095786,0.9796573875802997,False
orig,Equal risk,,25000000.0,naive,reference,False,,,1.0,0.3398774829634941,-2.652835377993225,0.45098340578702545,-868.9646832010967,72.43023391031026,3100.0376406633745,61.652986283574045,0.9582441113490364,False
larger,GM X=inf,inf,1000000.0,uncapped,optimal,False,,,0.9999998193688079,0.4562219234084396,-1.9905397937377387,0.3166305505330694,-18.158172672371474,1.508848006132055,587.9515697257698,2.731326928721981,0.28014659243075624,True
larger,GM X=0.02,0.02,1000000.0,hard,infeasible,True,0.48436429999999997,262.0,0.0,,,0.0,0.0,0.0,,,0.0,True
larger,GM X=0.02,0.02,1000000.0,relaxed,optimal,True,0.48436429999999997,262.0,0.0025256150942204823,0.17965747619446482,-0.5574556657905909,0.00024257272193615163,-0.0007508848597691587,6.689555514750778e-11,1.1560886267412576,0.007641970290190932,7.047713017125943e-05,True
larger,Equal premium capped X=0.02,0.02,1000000.0,relaxed,reference,True,0.48436429999999997,262.0,0.46014608499999987,0.6928163898089704,0.5160331646000942,0.48900848170048355,0.364189246904432,0.0003718311364464714,18.904000000000003,0.3865566431648152,0.08210585664951724,True
larger,Equal risk capped X=0.02,0.02,1000000.0,relaxed,reference,True,0.48436429999999997,262.0,0.46014608499999987,0.7245843490981168,0.5442546001202614,0.511000768317858,0.3836744774802885,0.0006260737451633957,18.904000000000003,0.3867070915342291,0.08140108534780464,True
larger,GM X=0.05,0.05,1000000.0,hard,optimal,False,1.1602636,262.0,0.7543041680661411,1.1874258172652041,0.741260920210792,0.8811709489634254,0.5468517117576397,0.009217860783871093,40.24073947223491,0.7962235567670545,0.20642751427161887,True
larger,Equal premium capped X=0.05,0.05,1000000.0,hard,reference,False,1.1602636,262.0,0.9999999999999998,0.6895406396928402,0.4751308757737148,1.090060796256262,0.7511126045837355,0.005731530932149802,47.26,0.9027545004782364,0.23842413136937063,True
larger,Equal risk capped X=0.05,0.05,1000000.0,hard,reference,False,1.1602636,262.0,1.0,0.8151652010784309,0.5500093125635136,1.2355811984651743,0.8306298094176998,0.011633124134610285,47.26,0.8988242236765438,0.23384311790823878,True
larger,GM X=0.10,0.10,1000000.0,hard,optimal,False,2.3205272,262.0,0.999997277403987,1.05227603811759,0.25918476834143184,0.6975471680187548,0.17086733367261808,0.016950514660251135,55.70399776429794,1.3542629795947536,0.3288462893790965,True
larger,Equal premium capped X=0.10,0.10,1000000.0,hard,reference,False,2.3205272,262.0,1.0,0.7117712867432278,0.3693824006618546,1.1162698537116487,0.5773898124059039,0.019402550051403497,94.52,1.5496019710687399,0.3779688491084643,True
larger,Equal risk capped X=0.10,0.10,1000000.0,hard,reference,False,2.3205272,262.0,1.0,0.752898297617061,0.3477556356301173,0.9789900284470752,0.45239760752002944,0.019823872014047336,80.48148148148148,1.4979462398406134,0.3633800831630136,True
larger,Equal premium,,1000000.0,naive,reference,False,,,1.0,0.5573332492175173,-1.2783891120060853,0.8965943491806048,-2.0858727392801883,0.21883281366309557,152.67175572519082,3.6346067371335633,0.4907322573824794,True
larger,Equal risk,,1000000.0,naive,reference,False,,,1.0,0.6378869106679349,-1.3725183923015594,0.7051891230081884,-1.5913345405585992,0.16475535398125057,162.01104524792848,3.086546372317923,0.44266685460568045,True
larger,GM X=inf,inf,5000000.0,uncapped,optimal,False,,,0.9999998193688079,0.4562219234084396,-2.0176919549782673,0.3166305505330694,-461.6169476011997,38.46374591686774,2939.7578486288494,13.656634643609905,0.46437381069842837,True
larger,GM X=0.02,0.02,5000000.0,hard,infeasible,True,0.09687286,262.0,0.0,,,0.0,0.0,0.0,,,0.0,True
larger,GM X=0.02,0.02,5000000.0,relaxed,optimal,True,0.09687286,262.0,0.0004514935381017888,0.17965926835415735,-0.5574517358135862,4.336421308927968e-05,-0.0001342318297990044,5.465520165097241e-13,1.03336885173798,0.006830612019897254,7.047713017125943e-05,True
larger,Equal premium capped X=0.02,0.02,5000000.0,relaxed,reference,True,0.09687286,262.0,0.092029217,0.6928163898089705,0.5160331646000943,0.09780169634009675,0.07283784938088644,7.436622728929433e-05,18.904000000000003,0.3865566431648152,0.08217633377968848,True
larger,Equal risk capped X=0.02,0.02,5000000.0,relaxed,reference,True,0.09687286,262.0,0.09202921699999998,0.7245843490981166,0.5442546001202612,0.1022001536635716,0.07673489549605768,0.00012521474903267913,18.904000000000003,0.3867070915342291,0.08147156247797589,True
larger,GM X=0.05,0.05,5000000.0,hard,infeasible,True,0.23205272000000002,262.0,0.0,,,0.0,0.0,0.0,,,0.0,True
larger,GM X=0.05,0.05,5000000.0,relaxed,optimal,True,0.23205272000000002,262.0,0.0008732437566628293,0.17956317897164822,-0.5576118729263372,8.382287805927833e-05,-0.0002596823145671213,1.406503223908556e-09,1.9964686322638765,0.013210803110375034,0.00042286278102755657,True
larger,Equal premium capped X=0.05,0.05,5000000.0,relaxed,reference,True,0.23205272000000002,262.0,0.220450084,0.6962533709241948,0.4740150739015935,0.24023359384904483,0.1634526444023347,0.0015556318064124995,47.26000000000001,0.9146477609188784,0.24117273944604975,True
larger,Equal risk capped X=0.05,0.05,5000000.0,relaxed,reference,True,0.23205272000000002,262.0,0.22045008400000005,0.7252572461437814,0.4715047044340486,0.25018940318544125,0.16240128525069808,0.002493468812881651,47.26000000000001,0.9151770276384552,0.23870603989005568,True
larger,GM X=0.10,0.10,5000000.0,hard,infeasible,True,0.46410544000000004,262.0,0.0,,,0.0,0.0,0.0,,,0.0,True
larger,GM X=0.10,0.10,5000000.0,relaxed,optimal,True,0.46410544000000004,262.0,0.0017655279811209603,0.1796847323033151,-0.5579982023540313,0.00016959692462118926,-0.0005253916574779791,4.2552480068839006e-08,4.0416559034839015,0.026711079252633062,0.001339065473253929,True
larger,Equal premium capped X=0.10,0.10,5000000.0,relaxed,reference,True,0.46410544000000004,262.0,0.440900168,0.6962533709241948,0.2709353667619885,0.48046718769808966,0.18715154441697565,0.014757408978466136,94.52000000000002,1.829295521837757,0.4397772922686588,True
larger,Equal risk capped X=0.10,0.10,5000000.0,relaxed,reference,True,0.46410544000000004,262.0,0.4409001680000001,0.7252572461437814,0.16110504025722897,0.5003788063708825,0.11252118069582037,0.022677053442894623,94.52000000000002,1.8303540552769104,0.43872013531608994,True
larger,Equal premium,,5000000.0,naive,reference,False,,,1.0,0.5573332492175173,-4.242734272979551,0.8965943491806048,-68.56427230499762,5.758699444139549,763.3587786259542,18.173033685667818,0.8018887870885898,True
larger,Equal risk,,5000000.0,naive,reference,False,,,1.0,0.6378869106679349,-5.081889569597184,0.7051891230081884,-52.545094361949275,4.410902005763806,810.0552262396424,15.432731861589613,0.7387412784551413,True
larger,GM X=inf,inf,10000000.0,uncapped,optimal,False,,,0.9999998193688079,0.4562219234084396,-2.0214562012160076,0.3166305505330694,-1850.9427586725508,154.24089683948037,5879.515697257699,27.31326928721981,0.5366833462541405,True
larger,GM X=0.02,0.02,10000000.0,hard,infeasible,True,0.04843643,262.0,0.0,,,0.0,0.0,0.0,,,0.0,True
larger,GM X=0.02,0.02,10000000.0,relaxed,optimal,True,0.04843643,262.0,0.00025830503911286135,0.17991388519537901,-0.557196526755761,2.4845405047815347e-05,-7.676338899574359e-05,9.592438557222616e-12,1.1846454107085602,0.007816884362402634,7.047713017125943e-05,True
larger,Equal premium capped X=0.02,0.02,10000000.0,relaxed,reference,True,0.04843643,262.0,0.0460146085,0.6928163898089705,0.5160331646000943,0.048900848170048375,0.03641892469044322,3.7183113644647166e-05,18.904000000000003,0.3865566431648152,0.08217633377968848,True
larger,Equal risk capped X=0.02,0.02,10000000.0,relaxed,reference,True,0.04843643,262.0,0.04601460849999999,0.7245843490981166,0.5442546001202612,0.0511000768317858,0.03836744774802884,6.260737451633956e-05,18.904000000000003,0.3867070915342291,0.08147156247797589,True
larger,GM X=0.05,0.05,10000000.0,hard,infeasible,True,0.11602636000000001,262.0,0.0,,,0.0,0.0,0.0,,,0.0,True
larger,GM X=0.05,0.05,10000000.0,relaxed,optimal,True,0.11602636000000001,262.0,0.00040550606531529314,0.17967252386751456,-0.5574666434943344,3.895024943896263e-05,-0.00012056240322099911,4.5342878431114986e-10,1.8564212499938402,0.01226987954693391,0.0003523856508562971,True
larger,Equal premium capped X=0.05,0.05,10000000.0,relaxed,reference,True,0.11602636000000001,262.0,0.110225042,0.6962533709241948,0.4740150739015935,0.12011679692452241,0.08172632220116735,0.0007778159032062498,47.26000000000001,0.9146477609188784,0.24117273944604975,True
larger,Equal risk capped X=0.05,0.05,10000000.0,relaxed,reference,True,0.11602636000000001,262.0,0.11022504200000002,0.7252572461437814,0.4715047044340486,0.12509470159272063,0.08120064262534904,0.0012467344064408254,47.26000000000001,0.9151770276384552,0.23870603989005568,True
larger,GM X=0.10,0.10,10000000.0,hard,infeasible,True,0.23205272000000002,262.0,0.0,,,0.0,0.0,0.0,,,0.0,True
larger,GM X=0.10,0.10,10000000.0,relaxed,optimal,True,0.23205272000000002,262.0,0.0008732437566628293,0.17956317897164822,-0.5581224257452754,8.382287805927833e-05,-0.00025990846838198206,2.0252654462301333e-08,3.992937264527753,0.026421606220750068,0.0012685883430826697,True
larger,Equal premium capped X=0.10,0.10,10000000.0,relaxed,reference,True,0.23205272000000002,262.0,0.220450084,0.6962533709241948,0.2709353667619885,0.24023359384904483,0.09357577220848783,0.007378704489233068,94.52000000000002,1.829295521837757,0.4397772922686588,True
larger,Equal risk capped X=0.10,0.10,10000000.0,relaxed,reference,True,0.23205272000000002,262.0,0.22045008400000005,0.7252572461437814,0.16110504025722897,0.25018940318544125,0.056260590347910186,0.011338526721447311,94.52000000000002,1.8303540552769104,0.43872013531608994,True
larger,Equal premium,,10000000.0,naive,reference,False,,,1.0,0.5573332492175173,-4.252533837570114,0.8965943491806048,-277.7718114255912,23.192661037522353,1526.7175572519084,36.346067371335636,0.8817393755726267,True
larger,Equal risk,,10000000.0,naive,reference,False,,,1.0,0.6378869106679349,-5.14787178051726,0.7051891230081884,-213.25318831091178,17.803243168177346,1620.1104524792847,30.865463723179225,0.8283881880329833,True
larger,GM X=inf,inf,25000000.0,uncapped,optimal,False,,,0.9999998193688079,0.4562219234084396,-2.0238297120052096,0.3166305505330694,-11585.620107831248,965.4640092693718,14698.789243144245,68.28317321804953,0.6155472549157799,True
larger,GM X=0.02,0.02,25000000.0,hard,infeasible,True,0.019374572,262.0,0.0,,,0.0,0.0,0.0,,,0.0,True
larger,GM X=0.02,0.02,25000000.0,relaxed,optimal,True,0.019374572,262.0,8.773355802865342e-05,0.1797619351095322,-0.55734152989633,8.431514537650743e-06,-2.60792242873221e-05,2.3688670588686298e-15,1.0049811495844558,0.006636963523211807,7.047713017125943e-05,True
larger,Equal premium capped X=0.02,0.02,25000000.0,relaxed,reference,True,0.019374572,262.0,0.0184058434,0.6928163898089708,0.5160331646000945,0.019560339268019367,0.014567569876177296,1.4873245457858879e-05,18.904000000000003,0.3865566431648152,0.08217633377968848,True
larger,Equal risk capped X=0.02,0.02,25000000.0,relaxed,reference,True,0.019374572,262.0,0.018405843399999997,0.7245843490981168,0.5442546001202611,0.020440030732714328,0.015346979099211538,2.5042949806535832e-05,18.904000000000003,0.38670709153422916,0.08147156247797589,True
larger,GM X=0.05,0.05,25000000.0,hard,infeasible,True,0.046410544000000005,262.0,0.0,,,0.0,0.0,0.0,,,0.0,True
larger,GM X=0.05,0.05,25000000.0,relaxed,optimal,True,0.046410544000000005,262.0,0.00018036999533155754,0.1796675508052241,-0.5574854646167335,1.7324787534462423e-05,-5.362843875021893e-05,3.4070638206823645e-10,2.064514436190351,0.01364414838472207,0.00042286278102755657,True
larger,Equal premium capped X=0.05,0.05,25000000.0,relaxed,reference,True,0.046410544000000005,262.0,0.044090016800000006,0.6962533709241951,0.47401507390159336,0.04804671876980897,0.03269052888046693,0.00031112636128249985,47.25999999999999,0.9146477609188783,0.24117273944604975,True
larger,Equal risk capped X=0.05,0.05,25000000.0,relaxed,reference,True,0.046410544000000005,262.0,0.0440900168,0.7252572461437817,0.47150470443404896,0.05003788063708825,0.03248025705013964,0.0004986937625763301,47.25999999999999,0.9151770276384552,0.23870603989005568,True
larger,GM X=0.10,0.10,25000000.0,hard,infeasible,True,0.09282108800000001,262.0,0.0,,,0.0,0.0,0.0,,,0.0,True
larger,GM X=0.10,0.10,25000000.0,relaxed,optimal,True,0.09282108800000001,262.0,0.00031906241226760764,0.17975140625153443,-0.5577710449364719,3.0660886921700316e-05,-9.49111173090976e-05,5.540064130739501e-09,3.6532167663014836,0.0241366233154911,0.0010571569525688915,True
larger,Equal premium capped X=0.10,0.10,25000000.0,relaxed,reference,True,0.09282108800000001,262.0,0.08818003360000001,0.6962533709241951,0.2709353667619887,0.09609343753961794,0.03743030888339516,0.002951481795693226,94.51999999999998,1.8292955218377567,0.4397772922686588,True
larger,Equal risk capped X=0.10,0.10,25000000.0,relaxed,reference,True,0.09282108800000001,262.0,0.0881800336,0.7252572461437817,0.16110504025722924,0.1000757612741765,0.022504236139164104,0.004535410688578924,94.51999999999998,1.8303540552769104,0.43872013531608994,True
larger,Equal premium,,25000000.0,naive,reference,False,,,1.0,0.5573332492175173,-4.256956552615208,0.8965943491806048,-1746.1549239185135,145.5579204119325,3816.793893129771,90.86516842833909,0.9519345972232011,True
larger,Equal risk,,25000000.0,naive,reference,False,,,1.0,0.6378869106679349,-5.170380210647147,0.7051891230081884,-1342.1763046470733,111.88016952952414,4050.276131198212,77.16365930794808,0.9178941433504828,True
