config,strategy,return_date,decision_date,train_start,train_end,gross_return,predicted_cost,net_return,gross_nav,predicted_annual_vol,scenario_cvar_loss,short_margin_used,collateral_used,integer_repair_failed,information_set_valid,evidence_status,segment
orig+VIX,R1 repaired net utility,2018-02-28,2018-01-31,2015-02-27,2018-01-31,-0.06255099844360354,0.0010271697701195227,-0.06357816821372306,0.027056,0.1499937905746201,0.031248568888148733,0.057781999984741206,0.06493299998474121,False,True,retrospective_development_extension,new_pre_2021_R1_run
orig+VIX,R1 repaired net utility,2018-04-30,2018-02-28,2015-03-31,2018-02-28,0.026899999267578148,0.0016667961251854134,0.025233203142392736,0.033632999999999996,0.14999809932386451,0.06402426557009509,0.08641400030517576,0.09110200030517576,False,True,retrospective_development_extension,new_pre_2021_R1_run
orig+VIX,R1 repaired net utility,2018-05-31,2018-04-30,2015-04-30,2018-04-30,0.015478995971679673,0.0011067915208590319,0.01437220445082064,0.03362,0.14999226791024767,0.06077664295732126,0.0751379997253418,0.0904139997253418,False,True,retrospective_development_extension,new_pre_2021_R1_run
orig+VIX,R1 repaired net utility,2018-06-29,2018-05-31,2015-05-29,2018-05-31,0.0018719993286132565,0.0013559959468740519,0.0005160033817392046,0.027795000000000004,0.14998847459047612,0.03294657368498474,0.10921579960632327,0.11694579960632327,False,True,retrospective_development_extension,new_pre_2021_R1_run
orig+VIX,R1 repaired net utility,2018-07-31,2018-06-29,2015-06-30,2018-06-29,0.007302001007080087,0.0013321937868912427,0.005969807220188844,0.030246999999999996,0.1499854550402888,0.045245553939423255,0.08712400053405761,0.09582500053405761,False,True,retrospective_development_extension,new_pre_2021_R1_run
orig+VIX,R1 repaired net utility,2018-08-31,2018-07-31,2015-07-31,2018-07-31,0.0036480043487548517,0.001397629171927374,0.0022503751768274778,0.037706,0.1499947294688735,0.0656675733819314,0.07922580010986328,0.09008880010986328,False,True,retrospective_development_extension,new_pre_2021_R1_run
orig+VIX,R1 repaired net utility,2018-09-28,2018-08-31,2015-08-31,2018-08-31,-0.009694002380371096,0.001346407888449469,-0.011040410268820565,0.023687000000000003,0.14999220336874305,0.050741814122815115,0.07014964612630545,0.08092464612630546,False,True,retrospective_development_extension,new_pre_2021_R1_run
orig+VIX,R1 repaired net utility,2018-10-31,2018-09-28,2015-09-30,2018-09-28,-0.021542001525878908,0.004823317850105303,-0.02636531937598421,0.063638,0.14999754783008104,0.0965625606787453,0.2805556372803581,0.2898256372803581,False,True,retrospective_development_extension,new_pre_2021_R1_run
orig+VIX,R1 repaired net utility,2018-11-30,2018-10-31,2015-10-30,2018-10-31,0.038558,0.0025833274907287058,0.0359746725092713,0.042344,0.14998495256833058,0.09115049491530004,0.20919900000000002,0.21067800000000003,False,True,retrospective_development_extension,new_pre_2021_R1_run
orig+VIX,R1 repaired net utility,2018-12-31,2018-11-30,2015-11-30,2018-11-30,-0.09157399999999999,0.0025633673851940273,-0.09413736738519402,0.04221,0.14999981653144107,0.09869785820236064,0.156701,0.158663,False,True,retrospective_development_extension,new_pre_2021_R1_run
orig+VIX,R1 repaired net utility,2019-01-31,2018-12-31,2015-12-31,2018-12-31,-0.03663700052642822,0.0016605766051355755,-0.0382975771315638,0.030398,0.1499943352718479,0.0953999665992272,0.12977660008239744,0.13078060008239745,False,True,retrospective_development_extension,new_pre_2021_R1_run
orig+VIX,R1 repaired net utility,2019-02-28,2019-01-31,2016-01-29,2019-01-31,0.014441001098632809,0.0014284179918583543,0.013012583106774455,0.031737,0.1499983423397275,0.07114612551164406,0.10730450000000001,0.10877150000000001,False,True,retrospective_development_extension,new_pre_2021_R1_run
orig+VIX,R1 repaired net utility,2019-04-30,2019-02-28,2016-02-29,2019-02-28,-0.0042579960937500095,0.002270042551850148,-0.006528038645600157,0.034622,0.14999257285707018,0.08874529790179647,0.15098250000000002,0.1519695,False,True,retrospective_development_extension,new_pre_2021_R1_run
orig+VIX,R1 repaired net utility,2019-05-31,2019-04-30,2016-03-31,2019-04-30,0.03574300219726562,0.0027786286322330394,0.03296437356503258,0.040182,0.14999299992728052,0.09159232034809933,0.20145300036621094,0.20338300036621093,False,True,retrospective_development_extension,new_pre_2021_R1_run
orig+VIX,R1 repaired net utility,2019-06-28,2019-05-31,2016-04-29,2019-05-31,-2.199877929686539e-05,0.002366155831348981,-0.0023881546106458464,0.047108000000000004,0.14999154109345117,0.07421327881927917,0.1557495,0.1581595,False,True,retrospective_development_extension,new_pre_2021_R1_run
orig+VIX,R1 repaired net utility,2019-07-31,2019-06-28,2016-05-31,2019-06-28,-0.0031610067138671907,0.00254893120057851,-0.005709937914445701,0.04539100000000001,0.1499958710395223,0.09750405076928897,0.16371000000000002,0.16750600000000002,False,True,retrospective_development_extension,new_pre_2021_R1_run
orig+VIX,R1 repaired net utility,2019-08-30,2019-07-31,2016-06-30,2019-07-31,0.041326,0.003049632907276853,0.03827636709272315,0.042006,0.14999467794170124,0.09719268825842067,0.1678985,0.1682385,False,True,retrospective_development_extension,new_pre_2021_R1_run
orig+VIX,R1 repaired net utility,2019-09-30,2019-08-30,2016-07-29,2019-08-30,-0.018423002105712905,0.0028521656119529946,-0.0212751677176659,0.056823,0.1499958015980206,0.0912501017834482,0.158235,0.16399799999999998,False,True,retrospective_development_extension,new_pre_2021_R1_run
orig+VIX,R1 repaired net utility,2019-10-31,2019-09-30,2016-08-31,2019-09-30,-0.002649999633789077,0.002685042920231974,-0.005335042554021051,0.04798500000000001,0.14999242557167056,0.09762911280461545,0.16490700000000003,0.16630200000000003,False,True,retrospective_development_extension,new_pre_2021_R1_run
orig+VIX,R1 repaired net utility,2019-11-29,2019-10-31,2016-09-30,2019-10-31,0.019830002212524414,0.0030500011764389994,0.016780001036085415,0.0417,0.14999215865514182,0.09863241289663968,0.15812500000000002,0.16629400000000003,False,True,retrospective_development_extension,new_pre_2021_R1_run
orig+VIX,R1 repaired net utility,2019-12-31,2019-11-29,2016-10-31,2019-11-29,0.021515000366210943,0.0032897132795456125,0.01822528708666533,0.032097,0.14999390528131745,0.09691350456047684,0.2222875,0.2256575,False,True,retrospective_development_extension,new_pre_2021_R1_run
orig+VIX,R1 repaired net utility,2020-01-31,2019-12-31,2016-11-30,2019-12-31,0.010799005249023412,0.0030244712951380363,0.007774533953885375,0.058599,0.14998518195918645,0.059984363118585037,0.2208151998779297,0.22772019987792969,False,True,retrospective_development_extension,new_pre_2021_R1_run
orig+VIX,R1 repaired net utility,2020-02-28,2020-01-31,2016-12-30,2020-01-31,-0.0062860052490234415,0.002851499989632859,-0.0091375052386563,0.06013,0.149991292100371,0.07122046688903036,0.18821400000000005,0.19022500000000006,False,True,retrospective_development_extension,new_pre_2021_R1_run
orig+VIX,R1 repaired net utility,2020-03-31,2020-02-28,2017-01-31,2020-02-28,0.0,0.0,0.0,0.0,0.14999562278300124,0.0,0.0,0.0,True,True,retrospective_development_extension,new_pre_2021_R1_run
orig+VIX,R1 repaired net utility,2020-04-30,2020-03-31,2017-02-28,2020-03-31,0.0,0.0,0.0,0.0,0.1499930879266389,0.0,0.0,0.0,True,True,retrospective_development_extension,new_pre_2021_R1_run
orig+VIX,R1 repaired net utility,2020-05-29,2020-04-30,2017-03-31,2020-04-30,-0.0020529992675781374,0.0010523618431022058,-0.0031053611106803434,0.035454,0.14998525247885017,0.0706114705982812,0.09422370013427736,0.09645270013427736,False,True,retrospective_development_extension,new_pre_2021_R1_run
orig+VIX,R1 repaired net utility,2020-06-30,2020-05-29,2017-04-28,2020-05-29,0.026320996459960957,0.0009274887067594259,0.02539350775320153,0.027603,0.14999490196177317,0.0679440758947047,0.081792,0.083604,False,True,retrospective_development_extension,new_pre_2021_R1_run
orig+VIX,R1 repaired net utility,2020-07-31,2020-06-30,2017-05-31,2020-06-30,0.007988999633789058,0.0012489301115731855,0.0067400695222158725,0.040435,0.1499903817774619,0.06818951538853321,0.11585929956054687,0.11939429956054687,False,True,retrospective_development_extension,new_pre_2021_R1_run
orig+VIX,R1 repaired net utility,2020-08-31,2020-07-31,2017-06-30,2020-07-31,-0.009499996582031218,0.0009192979902570118,-0.01041929457228823,0.030334,0.14999857656656015,0.08755089571043385,0.07339080017089844,0.07659480017089844,False,True,retrospective_development_extension,new_pre_2021_R1_run
orig+VIX,R1 repaired net utility,2020-09-30,2020-08-31,2017-07-31,2020-08-31,0.01965900000000001,0.0008386174305283743,0.018820382569471637,0.028784999999999998,0.14999906139993957,0.08962884746454396,0.06561680017089844,0.06561680017089844,False,True,retrospective_development_extension,new_pre_2021_R1_run
orig+VIX,R1 repaired net utility,2020-10-30,2020-09-30,2017-08-31,2020-09-30,0.017313998992919924,0.0008312426056540106,0.016482756387265915,0.02734,0.14998739246103593,0.07361144354299919,0.06851139990234377,0.06997139990234377,False,True,retrospective_development_extension,new_pre_2021_R1_run
orig+VIX,R1 repaired net utility,2020-11-30,2020-10-30,2017-09-29,2020-10-30,-0.054918999999999996,0.0013594477330072861,-0.05627844773300728,0.049976000000000007,0.14999808307592147,0.07665421528527162,0.10136,0.104008,False,True,retrospective_development_extension,new_pre_2021_R1_run
orig+VIX,R1 repaired net utility,2020-12-31,2020-11-30,2017-10-31,2020-11-30,0.032817002197265625,0.0010094924962719654,0.03180750970099366,0.035894999999999996,0.1499999604324514,0.06384635221996793,0.07549900024414062,0.07814600024414062,False,True,retrospective_development_extension,new_pre_2021_R1_run
larger+VIX,R1 repaired net utility,2018-02-28,2018-01-31,2015-02-27,2018-01-31,-0.06007999783325198,0.0010472489471451175,-0.0611272467803971,0.029337000000000002,0.14999680462330983,0.0281133562191273,0.06123339976501465,0.07135439976501465,False,True,retrospective_development_extension,new_pre_2021_R1_run
larger+VIX,R1 repaired net utility,2018-04-30,2018-02-28,2015-03-31,2018-02-28,0.026062998565673852,0.0015241960401415808,0.024538802525532272,0.032404,0.14998473611133195,0.060306149235506895,0.0972608003540039,0.1009948003540039,False,True,retrospective_development_extension,new_pre_2021_R1_run
larger+VIX,R1 repaired net utility,2018-05-31,2018-04-30,2015-04-30,2018-04-30,0.018268992752075185,0.0011061414148037972,0.017162851337271388,0.034591000000000004,0.14999189465761337,0.06088214089019678,0.07758199996948242,0.09393699996948242,False,True,retrospective_development_extension,new_pre_2021_R1_run
larger+VIX,R1 repaired net utility,2018-06-29,2018-05-31,2015-05-29,2018-05-31,0.014399002014160129,0.0012895192920200636,0.013109482722140065,0.027993000000000004,0.1499860238474532,0.033613495651118805,0.12784219932556154,0.13515019932556155,False,True,retrospective_development_extension,new_pre_2021_R1_run
larger+VIX,R1 repaired net utility,2018-07-31,2018-06-29,2015-06-30,2018-06-29,0.009989002716064461,0.0012603346383599794,0.008728668077704482,0.030555000000000002,0.1499997085318614,0.04077931533288777,0.07985620037841798,0.09080120037841798,False,True,retrospective_development_extension,new_pre_2021_R1_run
larger+VIX,R1 repaired net utility,2018-08-31,2018-07-31,2015-07-31,2018-07-31,0.00023499996948239785,0.0013322408037960633,-0.0010972408343136654,0.038518000000000004,0.14999268366058105,0.06377184713223842,0.0839755993347168,0.09773759933471679,False,True,retrospective_development_extension,new_pre_2021_R1_run
larger+VIX,R1 repaired net utility,2018-09-28,2018-08-31,2015-08-31,2018-08-31,0.00633700199890137,0.0014017230620406362,0.0049352789368607335,0.029798,0.14999455630295216,0.0517034134933494,0.08140846697726861,0.09774546697726862,False,True,retrospective_development_extension,new_pre_2021_R1_run
larger+VIX,R1 repaired net utility,2018-10-31,2018-09-28,2015-09-30,2018-09-28,-0.018953000549316406,0.004753079417009335,-0.02370607996632574,0.062304,0.14999575589897135,0.09766423504492966,0.2785590157353337,0.2858880157353337,False,True,retrospective_development_extension,new_pre_2021_R1_run
larger+VIX,R1 repaired net utility,2018-11-30,2018-10-31,2015-10-30,2018-10-31,0.03672700024414063,0.0024630518811107685,0.03426394836302986,0.04171,0.14999795247683098,0.08956835731509313,0.2035551997070313,0.20473519970703127,False,True,retrospective_development_extension,new_pre_2021_R1_run
larger+VIX,R1 repaired net utility,2018-12-31,2018-11-30,2015-11-30,2018-11-30,-0.09317700022125242,0.0025087279851746113,-0.09568572820642703,0.043688000000000005,0.14998610583758637,0.09562800524735862,0.15368760008239749,0.1566586000823975,False,True,retrospective_development_extension,new_pre_2021_R1_run
larger+VIX,R1 repaired net utility,2019-01-31,2018-12-31,2015-12-31,2018-12-31,-0.03529900068664551,0.0017367611275106302,-0.03703576181415614,0.031949000000000005,0.14999610179011155,0.09579497367082998,0.126943,0.129197,False,True,retrospective_development_extension,new_pre_2021_R1_run
larger+VIX,R1 repaired net utility,2019-02-28,2019-01-31,2016-01-29,2019-01-31,0.014726002258300777,0.001432292400650686,0.01329370985765009,0.032825999999999994,0.14999026296948306,0.06732214431144429,0.10290400000000002,0.10675500000000002,False,True,retrospective_development_extension,new_pre_2021_R1_run
larger+VIX,R1 repaired net utility,2019-04-30,2019-02-28,2016-02-29,2019-02-28,-0.009750996795654304,0.002235363704299284,-0.011986360499953589,0.038100999999999996,0.14998586068398675,0.08881418346059047,0.17209820011138918,0.1768842001113892,False,True,retrospective_development_extension,new_pre_2021_R1_run
larger+VIX,R1 repaired net utility,2019-05-31,2019-04-30,2016-03-31,2019-04-30,0.028497003479003906,0.0027069238518819916,0.025790079627121914,0.044520000000000004,0.1499991977563511,0.08165208512291805,0.20255680014038085,0.20930680014038086,False,True,retrospective_development_extension,new_pre_2021_R1_run
larger+VIX,R1 repaired net utility,2019-06-28,2019-05-31,2016-04-29,2019-05-31,-0.0012499981079101448,0.002260336007606222,-0.003510334115516367,0.046557,0.14999375038483187,0.07200568100561483,0.14379750000000002,0.1475325,False,True,retrospective_development_extension,new_pre_2021_R1_run
larger+VIX,R1 repaired net utility,2019-07-31,2019-06-28,2016-05-31,2019-06-28,0.0028219967346191366,0.0023688602427310358,0.0004531364918881008,0.044157999999999996,0.14999892605523288,0.09887843466377054,0.14932800000000002,0.15436100000000003,False,True,retrospective_development_extension,new_pre_2021_R1_run
larger+VIX,R1 repaired net utility,2019-08-30,2019-07-31,2016-06-30,2019-07-31,0.03829199871826172,0.0029572128302242594,0.035334785888037464,0.044117,0.149993793492408,0.09674901943041585,0.15816390008544923,0.16262590008544922,False,True,retrospective_development_extension,new_pre_2021_R1_run
larger+VIX,R1 repaired net utility,2019-09-30,2019-08-30,2016-07-29,2019-08-30,-0.02733000074768067,0.0027824894054222465,-0.030112490153102918,0.05818699999999999,0.1499989422619959,0.08528069721065853,0.148995,0.157569,False,True,retrospective_development_extension,new_pre_2021_R1_run
larger+VIX,R1 repaired net utility,2019-10-31,2019-09-30,2016-08-31,2019-09-30,0.0,0.0,0.0,0.0,0.1499977277770725,0.0,0.0,0.0,True,True,retrospective_development_extension,new_pre_2021_R1_run
larger+VIX,R1 repaired net utility,2019-11-29,2019-10-31,2016-09-30,2019-10-31,0.0,0.0,0.0,0.0,0.14999351414282483,0.0,0.0,0.0,True,True,retrospective_development_extension,new_pre_2021_R1_run
larger+VIX,R1 repaired net utility,2019-12-31,2019-11-29,2016-10-31,2019-11-29,0.02489100134277344,0.003084167170152375,0.021806834172621067,0.043328,0.1499954631413991,0.09814840186700305,0.18341510009765627,0.19482410009765627,False,True,retrospective_development_extension,new_pre_2021_R1_run
larger+VIX,R1 repaired net utility,2020-01-31,2019-12-31,2016-11-30,2019-12-31,0.026464003509521456,0.002946784445422083,0.023517219064099374,0.061745,0.14999839315737837,0.0539831117776438,0.2157765997192383,0.22678259971923828,False,True,retrospective_development_extension,new_pre_2021_R1_run
larger+VIX,R1 repaired net utility,2020-02-28,2020-01-31,2016-12-30,2020-01-31,-0.00212800151062012,0.0028271138241912266,-0.004955115334811347,0.062809,0.14999021256366138,0.0656202928916752,0.1820788001251221,0.1869678001251221,False,True,retrospective_development_extension,new_pre_2021_R1_run
larger+VIX,R1 repaired net utility,2020-03-31,2020-02-28,2017-01-31,2020-02-28,0.0,0.0,0.0,0.0,0.14999702258154624,0.0,0.0,0.0,True,True,retrospective_development_extension,new_pre_2021_R1_run
larger+VIX,R1 repaired net utility,2020-04-30,2020-03-31,2017-02-28,2020-03-31,0.0,0.0,0.0,0.0,0.14998960552028914,0.0,0.0,0.0,True,True,retrospective_development_extension,new_pre_2021_R1_run
larger+VIX,R1 repaired net utility,2020-05-29,2020-04-30,2017-03-31,2020-04-30,-0.003106999694824222,0.0010611274320313031,-0.004168127126855525,0.035683999999999994,0.14999439949888865,0.0726124747583024,0.10011020056152344,0.10284420056152344,False,True,retrospective_development_extension,new_pre_2021_R1_run
larger+VIX,R1 repaired net utility,2020-06-30,2020-05-29,2017-04-28,2020-05-29,0.022832996459960956,0.0009332907205097769,0.02189970573945118,0.028427,0.14998808609455724,0.06564522886287416,0.07660800000000001,0.08057600000000001,False,True,retrospective_development_extension,new_pre_2021_R1_run
larger+VIX,R1 repaired net utility,2020-07-31,2020-06-30,2017-05-31,2020-06-30,0.008242000610351557,0.001295300122677161,0.006946700487674396,0.042094,0.14998970617831642,0.0721735534923851,0.12937589947509767,0.13329689947509768,False,True,retrospective_development_extension,new_pre_2021_R1_run
larger+VIX,R1 repaired net utility,2020-08-31,2020-07-31,2017-06-30,2020-07-31,-0.004196996093749971,0.001077519168705996,-0.005274515262455967,0.035489999999999994,0.14999304923344975,0.08546396087281329,0.07429860015869141,0.08326160015869141,False,True,retrospective_development_extension,new_pre_2021_R1_run
larger+VIX,R1 repaired net utility,2020-09-30,2020-08-31,2017-07-31,2020-08-31,0.012278000633239753,0.0010875831125686756,0.011190417520671077,0.03875700000000001,0.14999252474402933,0.08368513962557808,0.06352080017089844,0.07442780017089844,False,True,retrospective_development_extension,new_pre_2021_R1_run
larger+VIX,R1 repaired net utility,2020-10-30,2020-09-30,2017-08-31,2020-09-30,0.022550001281738282,0.0009660895480261145,0.021583911733712168,0.031226999999999998,0.1499941201142534,0.07288954436711274,0.09618419940185548,0.10192419940185547,False,True,retrospective_development_extension,new_pre_2021_R1_run
larger+VIX,R1 repaired net utility,2020-11-30,2020-10-30,2017-09-29,2020-10-30,-0.044573001167297364,0.001479461222314111,-0.04605246238961148,0.05474100000000001,0.1499910292523006,0.07037345030439018,0.09918800000000003,0.10555700000000003,False,True,retrospective_development_extension,new_pre_2021_R1_run
larger+VIX,R1 repaired net utility,2020-12-31,2020-11-30,2017-10-31,2020-11-30,0.027474999633789063,0.0011337101170164055,0.026341289516772656,0.039779,0.14999881336537996,0.057269427839771625,0.0898047998046875,0.0960637998046875,False,True,retrospective_development_extension,new_pre_2021_R1_run
orig,R1 repaired net utility,2018-02-28,2018-01-31,2015-02-27,2018-01-31,-0.02505199433898926,0.000859291897416779,-0.02591128623640604,0.046365,0.14999996336086135,0.047841972735669105,0.03180939987182617,0.07101239987182617,False,True,retrospective_development_extension,new_pre_2021_R1_run
orig,R1 repaired net utility,2018-04-30,2018-02-28,2015-03-31,2018-02-28,0.00921999710083013,0.0007721605532790968,0.008447836547551033,0.0267,0.14999812106981233,0.040860928019672615,0.08469799880981443,0.10228299880981444,False,True,retrospective_development_extension,new_pre_2021_R1_run
orig,R1 repaired net utility,2018-05-31,2018-04-30,2015-04-30,2018-04-30,0.012647984024047813,0.0007558562720932688,0.011892127751954544,0.046541,0.14998651077510036,0.0362761229155276,0.03148599967956543,0.07322099967956544,False,True,retrospective_development_extension,new_pre_2021_R1_run
orig,R1 repaired net utility,2018-06-29,2018-05-31,2015-05-29,2018-05-31,0.021381002136230412,0.0008102699040895484,0.020570732232140863,0.028381999999999998,0.14999738600989188,0.03893017493402387,0.15305080032348634,0.17054380032348634,False,True,retrospective_development_extension,new_pre_2021_R1_run
orig,R1 repaired net utility,2018-07-31,2018-06-29,2015-06-30,2018-06-29,0.03301900497436523,0.0007117048760686433,0.03230730009829659,0.039092,0.14999449087651323,0.03221489664148732,0.037904000854492186,0.07253300085449219,False,True,retrospective_development_extension,new_pre_2021_R1_run
orig,R1 repaired net utility,2018-08-31,2018-07-31,2015-07-31,2018-07-31,-0.001473992767334024,0.0008093087975925671,-0.002283301564926591,0.032912,0.14998992777740872,0.03276246920226837,0.05876640014648438,0.08339240014648439,False,True,retrospective_development_extension,new_pre_2021_R1_run
orig,R1 repaired net utility,2018-09-28,2018-08-31,2015-08-31,2018-08-31,-0.02855000529479981,0.0006435605952198948,-0.029193565890019705,0.034617,0.14999577093645886,0.03125966392219238,0.028068000793457032,0.06008500079345703,False,True,retrospective_development_extension,new_pre_2021_R1_run
orig,R1 repaired net utility,2018-10-31,2018-09-28,2015-09-30,2018-09-28,-0.06423000006103516,0.000716400140644384,-0.06494640020167955,0.033359,0.1499925228280177,0.03299954602553895,0.06659539909362794,0.09190939909362794,False,True,retrospective_development_extension,new_pre_2021_R1_run
orig,R1 repaired net utility,2018-11-30,2018-10-31,2015-10-30,2018-10-31,-0.04323698889160156,0.0008497198994350651,-0.04408670879103663,0.047924,0.14999259957488587,0.06027706506737519,0.034696400146484375,0.07229040014648438,False,True,retrospective_development_extension,new_pre_2021_R1_run
orig,R1 repaired net utility,2018-12-31,2018-11-30,2015-11-30,2018-11-30,-0.05895600287628174,0.000849027118605942,-0.05980502999488768,0.036765000000000006,0.1499944215899937,0.0733513284162785,0.04249180107116699,0.071322801071167,False,True,retrospective_development_extension,new_pre_2021_R1_run
orig,R1 repaired net utility,2019-01-31,2018-12-31,2015-12-31,2018-12-31,0.03631996754455566,0.0005743655802035174,0.03574560196435214,0.019486,0.14999828512539162,0.04071735179740886,0.019611600494384766,0.036433600494384766,False,True,retrospective_development_extension,new_pre_2021_R1_run
orig,R1 repaired net utility,2019-02-28,2019-01-31,2016-01-29,2019-01-31,-0.0008389998168945311,0.0005422505049972332,-0.0013812503218917642,0.024173,0.14999802716147811,0.0805711596755584,0.08430500068664551,0.09467400068664551,False,True,retrospective_development_extension,new_pre_2021_R1_run
orig,R1 repaired net utility,2019-04-30,2019-02-28,2016-02-29,2019-02-28,0.04111498954772948,0.0004626586297957559,0.04065233091793372,0.020391,0.149995489297364,0.027949773938956157,0.009255599784851073,0.027673599784851073,False,True,retrospective_development_extension,new_pre_2021_R1_run
orig,R1 repaired net utility,2019-05-31,2019-04-30,2016-03-31,2019-04-30,-0.029054999267578076,0.0007441811492346099,-0.029799180416812687,0.036515,0.14999013972729983,0.05346294861186067,0.09278640090942383,0.12087740090942384,False,True,retrospective_development_extension,new_pre_2021_R1_run
orig,R1 repaired net utility,2019-06-28,2019-05-31,2016-04-29,2019-05-31,0.060093016296386706,0.0006105637856699392,0.059482452510716766,0.027312,0.1499892359272356,0.06423346341774162,0.08454880104064941,0.10345180104064941,False,True,retrospective_development_extension,new_pre_2021_R1_run
orig,R1 repaired net utility,2019-07-31,2019-06-28,2016-05-31,2019-06-28,0.00032297135925293645,0.0007245067770043795,-0.0004015354177514431,0.039565,0.1499938189912373,0.05561339769337192,0.04055180145263672,0.07508880145263672,False,True,retrospective_development_extension,new_pre_2021_R1_run
orig,R1 repaired net utility,2019-08-30,2019-07-31,2016-06-30,2019-07-31,-0.016128995918273926,0.0005581329294981005,-0.016687128847772025,0.0284,0.14999015780801758,0.05247517080088325,0.07871160087585449,0.09839860087585449,False,True,retrospective_development_extension,new_pre_2021_R1_run
orig,R1 repaired net utility,2019-09-30,2019-08-30,2016-07-29,2019-08-30,0.0021979869842528926,0.0006810445615836266,0.001516942422669266,0.039678,0.14999790096966595,0.041908026662809544,0.035843600158691404,0.07288260015869141,False,True,retrospective_development_extension,new_pre_2021_R1_run
orig,R1 repaired net utility,2019-10-31,2019-09-30,2016-08-31,2019-09-30,-0.0002609715576172003,0.0006350902179478127,-0.000896061775565013,0.040191,0.14998841307871785,0.03879967442119674,0.005561199951171875,0.04548219995117187,False,True,retrospective_development_extension,new_pre_2021_R1_run
orig,R1 repaired net utility,2019-11-29,2019-10-31,2016-09-30,2019-10-31,0.04503702630615235,0.000713608990348993,0.04432341731580335,0.032809,0.14999301978169044,0.04584888014177316,0.09709679809570312,0.12101579809570312,False,True,retrospective_development_extension,new_pre_2021_R1_run
orig,R1 repaired net utility,2019-12-31,2019-11-29,2016-10-31,2019-11-29,0.034384022323608404,0.000798293389906965,0.03358572893370144,0.036664,0.1499921265219729,0.046597247353981665,0.09238880081176759,0.1160648008117676,False,True,retrospective_development_extension,new_pre_2021_R1_run
orig,R1 repaired net utility,2020-01-31,2019-12-31,2016-11-30,2019-12-31,0.07071403707885741,0.0008144362459404429,0.06989960083291698,0.044916,0.14999735954702959,0.053954997746473415,0.13499939785003662,0.16567039785003662,False,True,retrospective_development_extension,new_pre_2021_R1_run
orig,R1 repaired net utility,2020-02-28,2020-01-31,2016-12-30,2020-01-31,0.025889972778320308,0.0008579433522040194,0.02503202942611629,0.040712,0.1499910682910552,0.05133317251592392,0.06902059967041016,0.10155359967041017,False,True,retrospective_development_extension,new_pre_2021_R1_run
orig,R1 repaired net utility,2020-03-31,2020-02-28,2017-01-31,2020-02-28,-0.018383,0.0003293685595828623,-0.018712368559582863,0.018383,0.1499872508649677,0.018712368559582863,0.0,0.018383,False,True,retrospective_development_extension,new_pre_2021_R1_run
orig,R1 repaired net utility,2020-04-30,2020-03-31,2017-02-28,2020-03-31,0.01944294201660156,0.0003439876697041752,0.019098954346897387,0.017857,0.1499844478341501,0.018200987669704176,0.0,0.017857,False,True,retrospective_development_extension,new_pre_2021_R1_run
orig,R1 repaired net utility,2020-05-29,2020-04-30,2017-03-31,2020-04-30,0.010496007080078059,0.0009359849338347823,0.009560022146243276,0.038068000000000005,0.14999982585238314,0.07095741032093124,0.13949080383300783,0.16183980383300783,False,True,retrospective_development_extension,new_pre_2021_R1_run
orig,R1 repaired net utility,2020-06-30,2020-05-29,2017-04-28,2020-05-29,0.067196998413086,0.0008519740170646823,0.06634502439602132,0.035574,0.14998990298119358,0.056020498680599315,0.11218520133972168,0.13049320133972167,False,True,retrospective_development_extension,new_pre_2021_R1_run
orig,R1 repaired net utility,2020-07-31,2020-06-30,2017-05-31,2020-06-30,0.032891998046874996,0.0008040007633243335,0.03208799728355066,0.041812,0.14999267725421053,0.06893344668986114,0.1734387976074219,0.19202279760742189,False,True,retrospective_development_extension,new_pre_2021_R1_run
orig,R1 repaired net utility,2020-08-31,2020-07-31,2017-06-30,2020-07-31,0.017466020568847777,0.0006324334006417862,0.01683358716820599,0.029016,0.14999525073039646,0.056604129966023424,0.04250400085449219,0.0657700008544922,False,True,retrospective_development_extension,new_pre_2021_R1_run
orig,R1 repaired net utility,2020-09-30,2020-08-31,2017-07-31,2020-08-31,-0.01046,0.0005040702039535185,-0.010964070203953518,0.024125,0.14998789471306032,0.05239132851848806,0.08500800170898438,0.09763300170898438,False,True,retrospective_development_extension,new_pre_2021_R1_run
orig,R1 repaired net utility,2020-10-30,2020-09-30,2017-08-31,2020-09-30,0.016452997833251954,0.000576255639303458,0.015876742193948495,0.032549,0.14998702274441159,0.05056722033849557,0.06674759765625,0.08070659765625,False,True,retrospective_development_extension,new_pre_2021_R1_run
orig,R1 repaired net utility,2020-11-30,2020-10-30,2017-09-29,2020-10-30,-0.00875300030517578,0.0005235212812180286,-0.00927652158639381,0.03281,0.14999926768692964,0.043017352685221236,0.041691599121093756,0.06732159912109376,False,True,retrospective_development_extension,new_pre_2021_R1_run
orig,R1 repaired net utility,2020-12-31,2020-11-30,2017-10-31,2020-11-30,0.016168010742187516,0.0006817249669079001,0.015486285775279615,0.035872,0.14999886638818324,0.06618711558557411,0.1227344030761719,0.1388544030761719,False,True,retrospective_development_extension,new_pre_2021_R1_run
larger,R1 repaired net utility,2018-02-28,2018-01-31,2015-02-27,2018-01-31,-0.028134992065429694,0.0011034500624633415,-0.029238442127893036,0.054833,0.14999348708659263,0.0555447030561364,0.05445659942626953,0.09983059942626953,False,True,retrospective_development_extension,new_pre_2021_R1_run
larger,R1 repaired net utility,2018-04-30,2018-02-28,2015-03-31,2018-02-28,0.004391997283935592,0.000814057251620516,0.003577940032315076,0.031261000000000004,0.14999451934081356,0.03800803983033614,0.06490159957885741,0.08867259957885741,False,True,retrospective_development_extension,new_pre_2021_R1_run
larger,R1 repaired net utility,2018-05-31,2018-04-30,2015-04-30,2018-04-30,0.016739983993530244,0.0008465226110656295,0.015893461382464613,0.045319,0.14998988887736778,0.03928393552468955,0.040579999847412104,0.07967399984741211,False,True,retrospective_development_extension,new_pre_2021_R1_run
larger,R1 repaired net utility,2018-06-29,2018-05-31,2015-05-29,2018-05-31,0.03788300288391109,0.001065055992164476,0.03681794689174661,0.037151,0.14999449670496623,0.061329511274805744,0.19108000022888183,0.21340200022888184,False,True,retrospective_development_extension,new_pre_2021_R1_run
larger,R1 repaired net utility,2018-07-31,2018-06-29,2015-06-30,2018-06-29,0.04272200350952148,0.0007322592353000603,0.04198974427422142,0.034864,0.14999652743937664,0.032473050009718014,0.04976680061340333,0.07977280061340333,False,True,retrospective_development_extension,new_pre_2021_R1_run
larger,R1 repaired net utility,2018-08-31,2018-07-31,2015-07-31,2018-07-31,-0.004372995452880897,0.0009035458772572449,-0.005276541330138142,0.038302,0.14999194297071028,0.03490302489108267,0.051886399383544925,0.08245239938354493,False,True,retrospective_development_extension,new_pre_2021_R1_run
larger,R1 repaired net utility,2018-09-28,2018-08-31,2015-08-31,2018-08-31,0.0029300024871826234,0.0009492105869300617,0.0019807919002525617,0.043745,0.14999050845747883,0.03939171984602604,0.043634201049804686,0.08285720104980468,False,True,retrospective_development_extension,new_pre_2021_R1_run
larger,R1 repaired net utility,2018-10-31,2018-09-28,2015-09-30,2018-09-28,-0.08686400108337403,0.0011302021619743231,-0.08799420324534835,0.044791,0.14999217892218694,0.04435263633463735,0.10933159950256349,0.13951459950256348,False,True,retrospective_development_extension,new_pre_2021_R1_run
larger,R1 repaired net utility,2018-11-30,2018-10-31,2015-10-30,2018-10-31,-0.04787599432373047,0.001087625322990075,-0.048963619646720545,0.053949000000000004,0.14999995375390132,0.0803395924023217,0.08577779846191406,0.12472679846191406,False,True,retrospective_development_extension,new_pre_2021_R1_run
larger,R1 repaired net utility,2018-12-31,2018-11-30,2015-11-30,2018-11-30,-0.06827200691223143,0.001173256291155121,-0.06944526320338655,0.049429,0.14999921662410648,0.08159738583025003,0.044850400695800784,0.08633740069580079,False,True,retrospective_development_extension,new_pre_2021_R1_run
larger,R1 repaired net utility,2019-01-31,2018-12-31,2015-12-31,2018-12-31,0.04296096914672851,0.0006975199644386054,0.04226344918228991,0.02298,0.14998910717504557,0.04398540418305469,0.019611600494384766,0.03992760049438476,False,True,retrospective_development_extension,new_pre_2021_R1_run
larger,R1 repaired net utility,2019-02-28,2019-01-31,2016-01-29,2019-01-31,0.042592019012451174,0.001043443608143524,0.04154857540430765,0.039683,0.14999873873487432,0.06274638244673209,0.07725080078125,0.10444380078125001,False,True,retrospective_development_extension,new_pre_2021_R1_run
larger,R1 repaired net utility,2019-04-30,2019-02-28,2016-02-29,2019-02-28,-9.800405883789859e-05,0.0009979021148747293,-0.0010959061737126278,0.03516899999999999,0.14999494271905411,0.051725491302024675,0.12012880046844482,0.1451778004684448,False,True,retrospective_development_extension,new_pre_2021_R1_run
larger,R1 repaired net utility,2019-05-31,2019-04-30,2016-03-31,2019-04-30,-0.04187899444580076,0.00116998105434814,-0.0430489755001489,0.050082,0.14999294768163535,0.0742184065204164,0.12784600204467772,0.16392700204467772,False,True,retrospective_development_extension,new_pre_2021_R1_run
larger,R1 repaired net utility,2019-06-28,2019-05-31,2016-04-29,2019-05-31,0.07991201753997801,0.0010540735149289898,0.07885794402504902,0.042343,0.1499943921580388,0.07174298590348734,0.09305860031127931,0.12422660031127931,False,True,retrospective_development_extension,new_pre_2021_R1_run
larger,R1 repaired net utility,2019-07-31,2019-06-28,2016-05-31,2019-06-28,0.01872198497009278,0.00108871872733486,0.01763326624275792,0.046565,0.14998747580076793,0.0638886186221877,0.06882520050048829,0.1071262005004883,False,True,retrospective_development_extension,new_pre_2021_R1_run
larger,R1 repaired net utility,2019-08-30,2019-07-31,2016-06-30,2019-07-31,-0.025811988075256347,0.0010456171820463363,-0.026857605257302682,0.039724999999999996,0.14999622935948884,0.07069794774838459,0.170265199508667,0.194444199508667,False,True,retrospective_development_extension,new_pre_2021_R1_run
larger,R1 repaired net utility,2019-09-30,2019-08-30,2016-07-29,2019-08-30,-0.02100000367736817,0.0012197316540470278,-0.022219735331415198,0.051439,0.14999546814711856,0.05800412221797732,0.06343640029907227,0.10867140029907227,False,True,retrospective_development_extension,new_pre_2021_R1_run
larger,R1 repaired net utility,2019-10-31,2019-09-30,2016-08-31,2019-09-30,-0.014140978477478042,0.0009056513736833641,-0.015046629851161406,0.042851,0.14998913957731644,0.05281630849823767,0.04031640003204345,0.07988340003204346,False,True,retrospective_development_extension,new_pre_2021_R1_run
larger,R1 repaired net utility,2019-11-29,2019-10-31,2016-09-30,2019-10-31,0.052625011672973655,0.0012288415202194006,0.05139617015275425,0.047556,0.14999868545082032,0.07506599310389478,0.1910193970489502,0.2214023970489502,False,True,retrospective_development_extension,new_pre_2021_R1_run
larger,R1 repaired net utility,2019-12-31,2019-11-29,2016-10-31,2019-11-29,0.02351301992797851,0.0011711138292010018,0.02234190609877751,0.047727000000000006,0.1499965905298712,0.0689853204392632,0.1437598016357422,0.1759688016357422,False,True,retrospective_development_extension,new_pre_2021_R1_run
larger,R1 repaired net utility,2020-01-31,2019-12-31,2016-11-30,2019-12-31,0.09565901249694822,0.0011838376733854538,0.09447517482356277,0.049265,0.14999740991159102,0.06873976307619442,0.18970839767456055,0.22049439767456055,False,True,retrospective_development_extension,new_pre_2021_R1_run
larger,R1 repaired net utility,2020-02-28,2020-01-31,2016-12-30,2020-01-31,0.048561998031616226,0.0011878885269327767,0.047374109504683445,0.047039,0.14998818698692243,0.07652765446639781,0.14263279983520508,0.17213079983520507,False,True,retrospective_development_extension,new_pre_2021_R1_run
larger,R1 repaired net utility,2020-03-31,2020-02-28,2017-01-31,2020-02-28,-0.029712,0.0005830655056879129,-0.03029506550568791,0.030092,0.14999575555090644,0.030535667599928748,0.0,0.030092,False,True,retrospective_development_extension,new_pre_2021_R1_run
larger,R1 repaired net utility,2020-04-30,2020-03-31,2017-02-28,2020-03-31,0.06501797451782226,0.0006382625463098195,0.06437971197151245,0.030777,0.14999294878177025,0.031415262546309816,0.0,0.030777,False,True,retrospective_development_extension,new_pre_2021_R1_run
larger,R1 repaired net utility,2020-05-29,2020-04-30,2017-03-31,2020-04-30,0.011878987945556604,0.0010135294553954494,0.010865458490161154,0.042761,0.1499891387851525,0.06445000626218758,0.11091900421142578,0.14330500421142578,False,True,retrospective_development_extension,new_pre_2021_R1_run
larger,R1 repaired net utility,2020-06-30,2020-05-29,2017-04-28,2020-05-29,0.05563600164794928,0.0011018819803602364,0.054534119667589045,0.043663,0.14998837093610543,0.0614411651152285,0.10273760055541993,0.13072460055541993,False,True,retrospective_development_extension,new_pre_2021_R1_run
larger,R1 repaired net utility,2020-07-31,2020-06-30,2017-05-31,2020-06-30,0.0275090025024414,0.0009401928965146902,0.026568809605926707,0.043765,0.14998766558465723,0.0694741182542207,0.17217359710693358,0.1959145971069336,False,True,retrospective_development_extension,new_pre_2021_R1_run
larger,R1 repaired net utility,2020-08-31,2020-07-31,2017-06-30,2020-07-31,0.02786100921630867,0.000897368299579199,0.026963640916729474,0.038388,0.1499977405654289,0.05513374352615892,0.07197420104980469,0.09889320104980469,False,True,retrospective_development_extension,new_pre_2021_R1_run
larger,R1 repaired net utility,2020-09-30,2020-08-31,2017-07-31,2020-08-31,-0.0449019986114502,0.0009487643530317638,-0.04585076296448196,0.041454,0.1499866934000777,0.06628659411606219,0.12315640151977539,0.1466364015197754,False,True,retrospective_development_extension,new_pre_2021_R1_run
larger,R1 repaired net utility,2020-10-30,2020-09-30,2017-08-31,2020-09-30,0.024457999633789064,0.0008454316621684249,0.02361256797162064,0.03846,0.1499990134047146,0.054072211757902014,0.12378339752197265,0.14282639752197265,False,True,retrospective_development_extension,new_pre_2021_R1_run
larger,R1 repaired net utility,2020-11-30,2020-10-30,2017-09-29,2020-10-30,0.017962997924804686,0.0006231176492022337,0.017339880275602453,0.02953,0.14999589427291274,0.04767303116661352,0.06647979949951172,0.08084079949951171,False,True,retrospective_development_extension,new_pre_2021_R1_run
larger,R1 repaired net utility,2020-12-31,2020-11-30,2017-10-31,2020-11-30,0.010985004821777377,0.0009775936191671105,0.010007411202610266,0.047091,0.14998797227668162,0.06624358150650789,0.12550080108642578,0.15308580108642578,False,True,retrospective_development_extension,new_pre_2021_R1_run
