path_id,return_date,net_return
path_00,2018-01-31,1.1117986632572705
path_00,2018-02-28,-0.61525510310177711
path_00,2018-04-30,-0.13130938649065804
path_00,2018-05-31,0.3158939553172081
path_00,2018-06-29,0.41602777694447635
path_00,2018-07-31,-0.10479887841854303
path_00,2018-08-31,0.52401035722712119
path_00,2018-09-28,-0.30550766397475942
path_00,2018-10-31,-0.26032911765235411
path_00,2018-11-30,-0.024780128109964418
path_00,2018-12-31,0.044653374466509736
path_00,2019-01-31,-0.10583313305241762
path_00,2019-02-28,-0.30478046757256111
path_00,2019-04-30,0.66169130025928957
path_00,2019-05-31,-0.085999633456490185
path_00,2019-06-28,0.81998724021347269
path_00,2019-07-31,-0.14286564397274962
path_00,2019-08-30,-0.10639568100569699
path_00,2019-09-30,-0.18157599624488291
path_00,2019-10-31,0.011897868801229589
path_00,2019-11-29,0.70611299496015256
path_00,2019-12-31,0.44124084458920254
path_00,2020-01-31,1.3663707167678205
path_00,2020-02-28,0.35825992830101372
path_00,2020-03-31,-2.8999485960368201
path_00,2020-04-30,0.72379579726098942
path_00,2020-05-29,-0.10048555424826267
path_00,2020-06-30,0.66968344024447291
path_00,2020-07-31,0.71090924866503435
path_00,2020-08-31,1.038032323549831
path_00,2020-09-30,0.085073828857227252
path_00,2020-10-30,-0.13675111005071827
path_00,2020-11-30,-0.044086664166838999
path_00,2020-12-31,0.071327012669708673
path_00,2021-01-29,-0.028460775155271935
path_00,2021-02-26,-0.33671828768212025
path_00,2021-03-31,-0.34846594162907391
path_00,2021-04-30,1.0356802359208879
path_00,2021-06-30,-0.11991265883256767
path_00,2021-07-30,0.29486639523970654
path_00,2021-08-31,-0.13919840616893028
path_00,2021-09-30,-0.19448493097069067
path_00,2021-10-29,-0.40967247475120849
path_00,2021-11-30,0.57343419728340195
path_00,2021-12-31,-0.15903786442019827
path_00,2022-01-31,0.15545944184849456
path_00,2022-02-28,-0.037700888058109672
path_00,2022-04-29,-0.17736940044674959
path_00,2022-05-31,-0.097138729553396863
path_00,2022-06-30,0.13311352628782827
path_00,2022-07-29,0.067852084090327142
path_00,2022-08-31,-0.095242031349696554
path_00,2022-09-30,-0.073345291171191221
path_00,2022-10-31,-0.0016677339576336853
path_00,2022-11-30,0.18999071420907171
path_00,2022-12-30,0.014517663474315622
path_00,2023-01-31,0.12950395968243905
path_00,2023-02-28,0.25813027224141299
path_00,2023-03-31,0.47955564156487002
path_00,2023-04-28,-0.38346002110882077
path_00,2023-05-31,0.22533564622936114
path_00,2023-06-30,0.089385607009125304
path_00,2023-07-31,-0.38288522886099552
path_00,2023-08-31,0.50258199055322272
path_00,2023-09-29,0.031040986181682492
path_00,2023-10-31,-0.11666994830302035
path_00,2023-11-30,1.0926322521377136
path_00,2023-12-29,0.02100210246259156
path_00,2024-01-31,0.19949756533854046
path_00,2024-02-29,0.18921910563469205
path_00,2024-04-30,0.088685191745256992
path_00,2024-05-31,0.37243607147439001
path_00,2024-06-28,0.51893099523611863
path_00,2024-07-31,0.35916515181553355
path_00,2024-08-30,-0.13824513780220266
path_00,2024-09-30,0.091030459809625777
path_00,2024-10-31,-0.10111220300633185
path_00,2024-11-29,0.1386570640706381
path_00,2024-12-31,0.9250915480804377
path_00,2025-01-31,0.21398353875424059
path_00,2025-02-28,-0.037117381018341611
path_00,2025-04-30,0.091110256350435209
path_00,2025-05-30,0.37050810780182092
path_00,2025-06-30,-0.094647959721405245
path_00,2025-07-31,-0.23283397452690557
path_00,2025-08-29,0.2269276501788591
path_00,2025-09-30,0.66314642758313247
path_00,2025-10-31,-0.29100504271483529
path_00,2025-11-28,-0.060059429220209792
path_00,2025-12-31,-0.37601314100991878
path_00,2026-01-30,0.031342334373911943
path_00,2026-02-27,-0.051652902488774084
path_00,2026-03-31,-0.11448097994180559
path_00,2026-04-30,0.58260803953032336
path_01,2018-01-31,1.1095881063240765
path_01,2018-02-28,-0.61897376120767233
path_01,2018-04-30,-0.13129128109528432
path_01,2018-05-31,0.3133122947956809
path_01,2018-06-29,0.51751048484189366
path_01,2018-07-31,-0.11200890124704872
path_01,2018-08-31,0.54254409813811277
path_01,2018-09-28,-0.31275827342376006
path_01,2018-10-31,-0.2279272996357912
path_01,2018-11-30,-0.0022381625020955857
path_01,2018-12-31,0.065099517079207969
path_01,2019-01-31,-0.14093676138781272
path_01,2019-02-28,-0.30382217372688042
path_01,2019-04-30,0.69095102207247783
path_01,2019-05-31,-0.08118642603387452
path_01,2019-06-28,0.7795751022393228
path_01,2019-07-31,-0.15072808822201841
path_01,2019-08-30,-0.11329289134938335
path_01,2019-09-30,-0.19839045456309096
path_01,2019-10-31,0.0042955594758337344
path_01,2019-11-29,0.68874490235533437
path_01,2019-12-31,0.42843428745587708
path_01,2020-01-31,1.3411013658105042
path_01,2020-02-28,0.35529299464002578
path_01,2020-03-31,-2.9379398466693338
path_01,2020-04-30,0.67926917069593917
path_01,2020-05-29,-0.11576393929176094
path_01,2020-06-30,0.64666818826525485
path_01,2020-07-31,0.65756079434483838
path_01,2020-08-31,0.99384319162371393
path_01,2020-09-30,0.095309374285677012
path_01,2020-10-30,-0.14447051357666194
path_01,2020-11-30,-0.053632894921760925
path_01,2020-12-31,0.063537495318033682
path_01,2021-01-29,-0.031183778586179774
path_01,2021-02-26,-0.34582623030888643
path_01,2021-03-31,-0.33240123564805202
path_01,2021-04-30,0.99437848649848448
path_01,2021-06-30,-0.14043597231877761
path_01,2021-07-30,0.27743055779299974
path_01,2021-08-31,-0.17166394930894638
path_01,2021-09-30,-0.17928843709491321
path_01,2021-10-29,-0.45113358155810096
path_01,2021-11-30,0.57149302504720922
path_01,2021-12-31,-0.1827592100740589
path_01,2022-01-31,0.15941782019382145
path_01,2022-02-28,-0.012569202130612751
path_01,2022-04-29,-0.16685725186842432
path_01,2022-05-31,-0.086172400954611192
path_01,2022-06-30,0.16985946685179293
path_01,2022-07-29,0.052400431852416302
path_01,2022-08-31,-0.091802036747741525
path_01,2022-09-30,-0.062140778488615461
path_01,2022-10-31,-0.010814555556391707
path_01,2022-11-30,0.21459744789273155
path_01,2022-12-30,0.019115739668651998
path_01,2023-01-31,0.15414070298210245
path_01,2023-02-28,0.25092912788271288
path_01,2023-03-31,0.49833307133261173
path_01,2023-04-28,-0.39210557996107176
path_01,2023-05-31,0.20348141781076021
path_01,2023-06-30,0.055649470521186947
path_01,2023-07-31,-0.37254793096088668
path_01,2023-08-31,0.50998848993293511
path_01,2023-09-29,0.04871262510642109
path_01,2023-10-31,-0.1320047646978095
path_01,2023-11-30,1.0687807646594911
path_01,2023-12-29,0.027209940167369304
path_01,2024-01-31,0.20109523278291333
path_01,2024-02-29,0.23755370933817854
path_01,2024-04-30,0.083252197865862021
path_01,2024-05-31,0.3696443539713099
path_01,2024-06-28,0.52350660103283386
path_01,2024-07-31,0.3261103167297581
path_01,2024-08-30,-0.11889353270911746
path_01,2024-09-30,0.086802540843015155
path_01,2024-10-31,-0.092120425669846268
path_01,2024-11-29,0.078790331684836831
path_01,2024-12-31,0.88713415545661678
path_01,2025-01-31,0.23594546880338951
path_01,2025-02-28,-0.040863215395869242
path_01,2025-04-30,0.097201923640273857
path_01,2025-05-30,0.35309357915714562
path_01,2025-06-30,-0.095107282504258719
path_01,2025-07-31,-0.23424807992218111
path_01,2025-08-29,0.22893949422138599
path_01,2025-09-30,0.62877559277803297
path_01,2025-10-31,-0.28417778170270758
path_01,2025-11-28,-0.053243834759811724
path_01,2025-12-31,-0.39630805283335496
path_01,2026-01-30,0.050137492948344402
path_01,2026-02-27,-0.039527975414712889
path_01,2026-03-31,-0.11267830347237014
path_01,2026-04-30,0.62865233182908109
path_02,2018-01-31,1.0936882331687583
path_02,2018-02-28,-0.61245288649227092
path_02,2018-04-30,-0.13694315824682146
path_02,2018-05-31,0.2920168910351732
path_02,2018-06-29,0.58572020163189686
path_02,2018-07-31,-0.10717834416054076
path_02,2018-08-31,0.49978884968391657
path_02,2018-09-28,-0.31855210627288277
path_02,2018-10-31,-0.21123013579099398
path_02,2018-11-30,-0.005449889051291814
path_02,2018-12-31,0.074337373175168517
path_02,2019-01-31,-0.10663977525971841
path_02,2019-02-28,-0.31769554097706071
path_02,2019-04-30,0.67833720141696463
path_02,2019-05-31,-0.085742495254902892
path_02,2019-06-28,0.75957194520387195
path_02,2019-07-31,-0.13785676618194617
path_02,2019-08-30,-0.12325764063421925
path_02,2019-09-30,-0.17826527351272783
path_02,2019-10-31,-0.010323374726552332
path_02,2019-11-29,0.73223821457595772
path_02,2019-12-31,0.46965465394405087
path_02,2020-01-31,1.3827255329692634
path_02,2020-02-28,0.39234117425331472
path_02,2020-03-31,-2.9297271216867666
path_02,2020-04-30,0.70735745474727429
path_02,2020-05-29,-0.12624524468088369
path_02,2020-06-30,0.65457323855822247
path_02,2020-07-31,0.67351005274058906
path_02,2020-08-31,0.9994971091704935
path_02,2020-09-30,0.077966104014631846
path_02,2020-10-30,-0.13114671727237973
path_02,2020-11-30,0.026851940245689161
path_02,2020-12-31,0.075494840272671795
path_02,2021-01-29,0.0016793739843274369
path_02,2021-02-26,-0.31544867935206816
path_02,2021-03-31,-0.30450204391885932
path_02,2021-04-30,0.82856362146200857
path_02,2021-06-30,-0.097480074166752695
path_02,2021-07-30,0.25628650044558549
path_02,2021-08-31,-0.23281764179664249
path_02,2021-09-30,-0.15298777946022526
path_02,2021-10-29,-0.39465453536788875
path_02,2021-11-30,0.47673804549201021
path_02,2021-12-31,-0.12270087505631501
path_02,2022-01-31,0.17741973868503735
path_02,2022-02-28,-0.01965048576719005
path_02,2022-04-29,-0.1822046926177362
path_02,2022-05-31,-0.019531973768484524
path_02,2022-06-30,0.20327929824363744
path_02,2022-07-29,0.11518978876304198
path_02,2022-08-31,-0.089948522128089528
path_02,2022-09-30,-0.043413248541742756
path_02,2022-10-31,-0.014930229677287989
path_02,2022-11-30,0.11793744945614644
path_02,2022-12-30,0.082617536524387081
path_02,2023-01-31,0.12895367490191853
path_02,2023-02-28,0.2209818509309204
path_02,2023-03-31,0.3989799745229024
path_02,2023-04-28,-0.33632755536875564
path_02,2023-05-31,0.21572126543125383
path_02,2023-06-30,0.10482044164528792
path_02,2023-07-31,-0.35619793346927608
path_02,2023-08-31,0.52866725879486587
path_02,2023-09-29,0.094285457331385839
path_02,2023-10-31,-0.13824236283418384
path_02,2023-11-30,1.0064026058059674
path_02,2023-12-29,0.03819210649461241
path_02,2024-01-31,0.12384563579507837
path_02,2024-02-29,0.14947562519032714
path_02,2024-04-30,0.097227612676508091
path_02,2024-05-31,0.33503200990282389
path_02,2024-06-28,0.44662316755382553
path_02,2024-07-31,0.36541213162032099
path_02,2024-08-30,-0.15052077291132082
path_02,2024-09-30,0.059418942294347042
path_02,2024-10-31,-0.093620967862408241
path_02,2024-11-29,0.19337733841119542
path_02,2024-12-31,0.90608666202589694
path_02,2025-01-31,0.25378487440635467
path_02,2025-02-28,-0.020366296449236078
path_02,2025-04-30,0.12071993813232437
path_02,2025-05-30,0.30315253605700293
path_02,2025-06-30,-0.14374789268334839
path_02,2025-07-31,-0.24597651567216108
path_02,2025-08-29,0.26857670860616328
path_02,2025-09-30,0.66632081792854325
path_02,2025-10-31,-0.27695613893885335
path_02,2025-11-28,-0.044524860991701901
path_02,2025-12-31,-0.37462907701490739
path_02,2026-01-30,0.06819004263687134
path_02,2026-02-27,-0.032123619705558437
path_02,2026-03-31,-0.090323720797033158
path_02,2026-04-30,0.53726839976419194
path_03,2018-01-31,1.1276459202079787
path_03,2018-02-28,-0.59420718852673871
path_03,2018-04-30,-0.1330863802751483
path_03,2018-05-31,0.27884823737560932
path_03,2018-06-29,0.48837786069386641
path_03,2018-07-31,-0.077409084671967276
path_03,2018-08-31,0.45876339432652546
path_03,2018-09-28,-0.29648921633817393
path_03,2018-10-31,-0.22017873134029312
path_03,2018-11-30,-0.025269778609171359
path_03,2018-12-31,0.082451121471849464
path_03,2019-01-31,-0.082003122815722349
path_03,2019-02-28,-0.2994465815511384
path_03,2019-04-30,0.64479634264183094
path_03,2019-05-31,-0.10322217447787806
path_03,2019-06-28,0.79601150870960669
path_03,2019-07-31,-0.1159987530724774
path_03,2019-08-30,-0.11869251654132461
path_03,2019-09-30,-0.1610292231484331
path_03,2019-10-31,0.0047630373836573016
path_03,2019-11-29,0.68213929171581222
path_03,2019-12-31,0.45623088687659191
path_03,2020-01-31,1.3609172395576568
path_03,2020-02-28,0.40807223374046975
path_03,2020-03-31,-3.0197628999242059
path_03,2020-04-30,0.65316797481628175
path_03,2020-05-29,-0.12273539641750894
path_03,2020-06-30,0.61939352110680945
path_03,2020-07-31,0.61171828376543558
path_03,2020-08-31,0.94234065078179752
path_03,2020-09-30,0.082100174361923059
path_03,2020-10-30,-0.13478712932992559
path_03,2020-11-30,-0.0049861753129113937
path_03,2020-12-31,0.058525536212320331
path_03,2021-01-29,-0.023582998496116919
path_03,2021-02-26,-0.32804636197787845
path_03,2021-03-31,-0.29640826746435972
path_03,2021-04-30,0.85600177365211583
path_03,2021-06-30,-0.10424354383678656
path_03,2021-07-30,0.28347384454463448
path_03,2021-08-31,-0.22603348292919304
path_03,2021-09-30,-0.1624192821330166
path_03,2021-10-29,-0.38531309712354234
path_03,2021-11-30,0.48415785640021275
path_03,2021-12-31,-0.13847270371975454
path_03,2022-01-31,0.20399061883743325
path_03,2022-02-28,-0.053153515885407898
path_03,2022-04-29,-0.17903961902026025
path_03,2022-05-31,-0.024854840721730043
path_03,2022-06-30,0.21472736802298115
path_03,2022-07-29,0.092130333245333193
path_03,2022-08-31,-0.099801799645664033
path_03,2022-09-30,-0.045753108487721898
path_03,2022-10-31,-0.020572922619992981
path_03,2022-11-30,0.12925831443626851
path_03,2022-12-30,0.069888931947522215
path_03,2023-01-31,0.13655810822940892
path_03,2023-02-28,0.22278506123711603
path_03,2023-03-31,0.41536048656856955
path_03,2023-04-28,-0.33379850614490486
path_03,2023-05-31,0.20198050074300306
path_03,2023-06-30,0.11080421957538977
path_03,2023-07-31,-0.35228702511534399
path_03,2023-08-31,0.52816297569480342
path_03,2023-09-29,0.092483322955623018
path_03,2023-10-31,-0.13519632178119795
path_03,2023-11-30,0.99513232658182338
path_03,2023-12-29,0.029482676621744214
path_03,2024-01-31,0.13332105499693203
path_03,2024-02-29,0.14307236935213227
path_03,2024-04-30,0.094596711982532083
path_03,2024-05-31,0.34399360094024473
path_03,2024-06-28,0.43824757193864472
path_03,2024-07-31,0.34343940518456217
path_03,2024-08-30,-0.13859853424797411
path_03,2024-09-30,0.069960264429334798
path_03,2024-10-31,-0.096866418955323802
path_03,2024-11-29,0.19770609393248165
path_03,2024-12-31,0.87104077345601205
path_03,2025-01-31,0.26042696996843034
path_03,2025-02-28,-0.025159344898148268
path_03,2025-04-30,0.12217558467625272
path_03,2025-05-30,0.32810656568533958
path_03,2025-06-30,-0.13909171459999892
path_03,2025-07-31,-0.2450959853241387
path_03,2025-08-29,0.24834803135432018
path_03,2025-09-30,0.68403540242143457
path_03,2025-10-31,-0.27856042854925545
path_03,2025-11-28,-0.038506855926376107
path_03,2025-12-31,-0.39402246625741238
path_03,2026-01-30,0.076081914734991568
path_03,2026-02-27,-0.025429853672049772
path_03,2026-03-31,-0.08576152034523335
path_03,2026-04-30,0.64653810453567273
path_04,2018-01-31,1.0772833812036549
path_04,2018-02-28,-0.60000972707866085
path_04,2018-04-30,-0.12437527716112733
path_04,2018-05-31,0.34627323751105177
path_04,2018-06-29,0.45774968404213234
path_04,2018-07-31,-0.046803428973319114
path_04,2018-08-31,0.4810579486972788
path_04,2018-09-28,-0.33377185459113379
path_04,2018-10-31,-0.31426424428119087
path_04,2018-11-30,-0.04261536358711325
path_04,2018-12-31,-0.003355645453979525
path_04,2019-01-31,-0.0083089286229773261
path_04,2019-02-28,-0.31841905165989975
path_04,2019-04-30,0.61534995546550575
path_04,2019-05-31,-0.12356969130998524
path_04,2019-06-28,0.84460953395384597
path_04,2019-07-31,-0.10774353450394189
path_04,2019-08-30,-0.14193686435622385
path_04,2019-09-30,-0.14948411693020064
path_04,2019-10-31,0.046309588277546221
path_04,2019-11-29,0.69943653136359463
path_04,2019-12-31,0.46320540673764404
path_04,2020-01-31,1.4487978621263231
path_04,2020-02-28,0.38516975841950402
path_04,2020-03-31,-3.0008349366065987
path_04,2020-04-30,0.68874052454356116
path_04,2020-05-29,-0.095120279356792972
path_04,2020-06-30,0.60940586212575232
path_04,2020-07-31,0.72952859359375122
path_04,2020-08-31,1.055625408014965
path_04,2020-09-30,0.038320299826133289
path_04,2020-10-30,-0.13672316003319479
path_04,2020-11-30,-0.056601400076877709
path_04,2020-12-31,0.04285133397386065
path_04,2021-01-29,-0.037464807867673436
path_04,2021-02-26,-0.3410051765760998
path_04,2021-03-31,-0.2724116560444389
path_04,2021-04-30,0.90724799351419072
path_04,2021-06-30,-0.13755392216457332
path_04,2021-07-30,0.24915868990735371
path_04,2021-08-31,-0.19602919358246101
path_04,2021-09-30,-0.17813205350486933
path_04,2021-10-29,-0.39851196105749498
path_04,2021-11-30,0.5415669463894105
path_04,2021-12-31,-0.16413412818244438
path_04,2022-01-31,0.22231530386763437
path_04,2022-02-28,0.014380298412820326
path_04,2022-04-29,-0.17109460301397711
path_04,2022-05-31,-0.071002429045541007
path_04,2022-06-30,0.18420022037208686
path_04,2022-07-29,0.045749136711698835
path_04,2022-08-31,-0.09795001782178929
path_04,2022-09-30,-0.069021439281063968
path_04,2022-10-31,-0.021515825510767105
path_04,2022-11-30,0.1723934945875876
path_04,2022-12-30,0.025869365192050783
path_04,2023-01-31,0.16157007528938744
path_04,2023-02-28,0.22273345831800651
path_04,2023-03-31,0.48600411801515703
path_04,2023-04-28,-0.35937060832056023
path_04,2023-05-31,0.1884537073330215
path_04,2023-06-30,0.059237181997141834
path_04,2023-07-31,-0.3500631317229248
path_04,2023-08-31,0.49489264453363974
path_04,2023-09-29,0.038497038346604701
path_04,2023-10-31,-0.12144115376259741
path_04,2023-11-30,1.0243845490373444
path_04,2023-12-29,0.010212179869828961
path_04,2024-01-31,0.20425031242239977
path_04,2024-02-29,0.15517227723514621
path_04,2024-04-30,0.081931991496077203
path_04,2024-05-31,0.36134206430504273
path_04,2024-06-28,0.49947542152998015
path_04,2024-07-31,0.30629050569531485
path_04,2024-08-30,-0.13582506197916042
path_04,2024-09-30,0.09379713993299249
path_04,2024-10-31,-0.094697962690621099
path_04,2024-11-29,0.13528480864349343
path_04,2024-12-31,0.84691133014054298
path_04,2025-01-31,0.22555203439547564
path_04,2025-02-28,-0.047925803883474269
path_04,2025-04-30,0.11584437286324088
path_04,2025-05-30,0.3736704815081251
path_04,2025-06-30,-0.090704002835050285
path_04,2025-07-31,-0.22228497115291743
path_04,2025-08-29,0.18770898814028547
path_04,2025-09-30,0.60598019137859704
path_04,2025-10-31,-0.27460244811843465
path_04,2025-11-28,-0.042690337645057641
path_04,2025-12-31,-0.41038846810183072
path_04,2026-01-30,0.077556772369183985
path_04,2026-02-27,-0.030035232523860839
path_04,2026-03-31,-0.08681951909254064
path_04,2026-04-30,0.68426250686452361
path_05,2018-01-31,1.0318150771403458
path_05,2018-02-28,-0.60156398763920338
path_05,2018-04-30,-0.13683455834428165
path_05,2018-05-31,0.36807068056572539
path_05,2018-06-29,0.42892149710341076
path_05,2018-07-31,-0.066153043664607947
path_05,2018-08-31,0.49611565743433844
path_05,2018-09-28,-0.30749217637022963
path_05,2018-10-31,-0.31200556627682929
path_05,2018-11-30,-0.026328376810787413
path_05,2018-12-31,0.014368848659109156
path_05,2019-01-31,-0.012708003039714533
path_05,2019-02-28,-0.30559472526789644
path_05,2019-04-30,0.60272813167862604
path_05,2019-05-31,-0.11524750457061034
path_05,2019-06-28,0.85372035580786276
path_05,2019-07-31,-0.12541438128660767
path_05,2019-08-30,-0.1301788880646037
path_05,2019-09-30,-0.15894592430386148
path_05,2019-10-31,0.045701667801556836
path_05,2019-11-29,0.6863647221621505
path_05,2019-12-31,0.4592533222783321
path_05,2020-01-31,1.409811055642499
path_05,2020-02-28,0.40439103093547329
path_05,2020-03-31,-2.9379925707225554
path_05,2020-04-30,0.62954241846352332
path_05,2020-05-29,-0.075262063102289417
path_05,2020-06-30,0.59843456475759582
path_05,2020-07-31,0.65550708150352643
path_05,2020-08-31,1.0362926544183391
path_05,2020-09-30,0.081846568929520996
path_05,2020-10-30,-0.13993584255366473
path_05,2020-11-30,-0.077442566083724143
path_05,2020-12-31,0.047485717922072554
path_05,2021-01-29,-0.044633658177558613
path_05,2021-02-26,-0.35306705812955924
path_05,2021-03-31,-0.28181130441062729
path_05,2021-04-30,0.9727233345536892
path_05,2021-06-30,-0.17469450642980563
path_05,2021-07-30,0.27792347817952784
path_05,2021-08-31,-0.14722779992805912
path_05,2021-09-30,-0.19079044584844218
path_05,2021-10-29,-0.4318178039538686
path_05,2021-11-30,0.55388842735521704
path_05,2021-12-31,-0.18489705586585639
path_05,2022-01-31,0.19167786076347415
path_05,2022-02-28,0.11590832274279513
path_05,2022-04-29,-0.18211408275652285
path_05,2022-05-31,-0.086743343108775434
path_05,2022-06-30,0.15681437468118647
path_05,2022-07-29,0.024686352062162117
path_05,2022-08-31,-0.085831638220259479
path_05,2022-09-30,-0.079763873370499741
path_05,2022-10-31,-0.022825792432085164
path_05,2022-11-30,0.24539534678325581
path_05,2022-12-30,0.031129792335066755
path_05,2023-01-31,0.17611144482669377
path_05,2023-02-28,0.25796652496970285
path_05,2023-03-31,0.53321054217950048
path_05,2023-04-28,-0.37790573720430803
path_05,2023-05-31,0.19483177169463339
path_05,2023-06-30,0.061430189887646557
path_05,2023-07-31,-0.35900305485197637
path_05,2023-08-31,0.49675692208540873
path_05,2023-09-29,0.019184993073489153
path_05,2023-10-31,-0.10464291991590655
path_05,2023-11-30,1.1143997735815199
path_05,2023-12-29,0.011599352324439864
path_05,2024-01-31,0.236701963971333
path_05,2024-02-29,0.26966736898872445
path_05,2024-04-30,0.072569584621456379
path_05,2024-05-31,0.41421933993928373
path_05,2024-06-28,0.53116699139244683
path_05,2024-07-31,0.30161565344519309
path_05,2024-08-30,-0.10247606769335771
path_05,2024-09-30,0.12536766405820071
path_05,2024-10-31,-0.10550773446962819
path_05,2024-11-29,0.10487743720107141
path_05,2024-12-31,0.8799303849037462
path_05,2025-01-31,0.22300848963322878
path_05,2025-02-28,-0.071928058664301894
path_05,2025-04-30,0.072491957473349536
path_05,2025-05-30,0.40928834685080001
path_05,2025-06-30,-0.062642950785673196
path_05,2025-07-31,-0.23949427383194571
path_05,2025-08-29,0.20697817837231303
path_05,2025-09-30,0.6625768302162971
path_05,2025-10-31,-0.28045375658161459
path_05,2025-11-28,-0.069172948642345342
path_05,2025-12-31,-0.38642640383064231
path_05,2026-01-30,0.045552933550950511
path_05,2026-02-27,-0.051183393861078189
path_05,2026-03-31,-0.11148241295776509
path_05,2026-04-30,0.7575902784257601
path_06,2018-01-31,0.97922814393802893
path_06,2018-02-28,-0.56584906909258093
path_06,2018-04-30,-0.14599587517898441
path_06,2018-05-31,0.34204397699502559
path_06,2018-06-29,0.51662173022597591
path_06,2018-07-31,-0.091524961080949929
path_06,2018-08-31,0.48071284862185554
path_06,2018-09-28,-0.28872096100734357
path_06,2018-10-31,-0.26297169093800554
path_06,2018-11-30,-0.032829027311393699
path_06,2018-12-31,0.043397318545438192
path_06,2019-01-31,-0.00096433665445194022
path_06,2019-02-28,-0.3126784095161611
path_06,2019-04-30,0.62753642384445785
path_06,2019-05-31,-0.11604237336539133
path_06,2019-06-28,0.82206676150334523
path_06,2019-07-31,-0.14258329951647186
path_06,2019-08-30,-0.14275924237265769
path_06,2019-09-30,-0.17197484488779322
path_06,2019-10-31,0.017602464836553783
path_06,2019-11-29,0.64598099597993408
path_06,2019-12-31,0.42407982295348418
path_06,2020-01-31,1.3087691339093037
path_06,2020-02-28,0.4057972156355012
path_06,2020-03-31,-2.741132488855635
path_06,2020-04-30,0.61319663866484619
path_06,2020-05-29,-0.073116456715900918
path_06,2020-06-30,0.60810061588273723
path_06,2020-07-31,0.64021292899320681
path_06,2020-08-31,1.0078128598660787
path_06,2020-09-30,0.066921715216697888
path_06,2020-10-30,-0.1509874670765376
path_06,2020-11-30,-0.06347224447483174
path_06,2020-12-31,0.015605200048107285
path_06,2021-01-29,-0.056077979593856492
path_06,2021-02-26,-0.32510272386039268
path_06,2021-03-31,-0.23363508402228331
path_06,2021-04-30,0.84315202097900832
path_06,2021-06-30,-0.13433134465565416
path_06,2021-07-30,0.21520070274359368
path_06,2021-08-31,-0.23041737931727888
path_06,2021-09-30,-0.17632743372615314
path_06,2021-10-29,-0.44832770955029511
path_06,2021-11-30,0.55555701155312165
path_06,2021-12-31,-0.16923830282592722
path_06,2022-01-31,0.17685814773894751
path_06,2022-02-28,0.090148954608245749
path_06,2022-04-29,-0.17159034711316143
path_06,2022-05-31,-0.064070701033419636
path_06,2022-06-30,0.18730743192793067
path_06,2022-07-29,0.056102121242708199
path_06,2022-08-31,-0.080527869728074186
path_06,2022-09-30,-0.075181498001145874
path_06,2022-10-31,-0.017677866464671718
path_06,2022-11-30,0.20009601463470905
path_06,2022-12-30,0.028275812413122336
path_06,2023-01-31,0.10846566926737333
path_06,2023-02-28,0.27155511249362119
path_06,2023-03-31,0.57487467714094398
path_06,2023-04-28,-0.41818412478659728
path_06,2023-05-31,0.19757852809970655
path_06,2023-06-30,0.022667353859196448
path_06,2023-07-31,-0.38734932950401757
path_06,2023-08-31,0.48772062824710916
path_06,2023-09-29,0.0011189692602918584
path_06,2023-10-31,-0.1179004915477809
path_06,2023-11-30,1.1255352710275073
path_06,2023-12-29,0.019503540900167166
path_06,2024-01-31,0.23731847929938354
path_06,2024-02-29,0.29792356030138922
path_06,2024-04-30,0.048708814697069655
path_06,2024-05-31,0.42225500914460401
path_06,2024-06-28,0.57814152967505639
path_06,2024-07-31,0.36965084335045789
path_06,2024-08-30,-0.1079822213375693
path_06,2024-09-30,0.10070935588489766
path_06,2024-10-31,-0.12879009874914976
path_06,2024-11-29,0.075756112765505673
path_06,2024-12-31,0.93028527438322084
path_06,2025-01-31,0.19783986150005542
path_06,2025-02-28,-0.080895457372283874
path_06,2025-04-30,0.10052030213988605
path_06,2025-05-30,0.40206480533775046
path_06,2025-06-30,-0.055697251346694128
path_06,2025-07-31,-0.23507998497504035
path_06,2025-08-29,0.19989764860445355
path_06,2025-09-30,0.63922559444302318
path_06,2025-10-31,-0.28648397953572907
path_06,2025-11-28,-0.063839955918125135
path_06,2025-12-31,-0.42007598911337857
path_06,2026-01-30,0.032314582332690085
path_06,2026-02-27,-0.040354827435236135
path_06,2026-03-31,-0.12000270278537338
path_06,2026-04-30,0.71528458977085374
path_07,2018-01-31,1.0015007800799407
path_07,2018-02-28,-0.5444254515150958
path_07,2018-04-30,-0.14921979366374596
path_07,2018-05-31,0.35112167656865367
path_07,2018-06-29,0.43832286297036294
path_07,2018-07-31,-0.08222097378762136
path_07,2018-08-31,0.50787196866081741
path_07,2018-09-28,-0.29338136950331251
path_07,2018-10-31,-0.2716622629968205
path_07,2018-11-30,-0.033906445202799507
path_07,2018-12-31,0.05890532720214435
path_07,2019-01-31,-0.017995224314355827
path_07,2019-02-28,-0.30181669173868975
path_07,2019-04-30,0.62435156836210048
path_07,2019-05-31,-0.12224892043700532
path_07,2019-06-28,0.82491019229575713
path_07,2019-07-31,-0.13750786508726232
path_07,2019-08-30,-0.15197190903975397
path_07,2019-09-30,-0.17966968274943351
path_07,2019-10-31,0.023355495718348003
path_07,2019-11-29,0.64802121497706178
path_07,2019-12-31,0.39200101370391827
path_07,2020-01-31,1.3089409170318624
path_07,2020-02-28,0.36127209377004105
path_07,2020-03-31,-2.6871888667696791
path_07,2020-04-30,0.60051044154459388
path_07,2020-05-29,-0.099544217656787781
path_07,2020-06-30,0.59620193657246801
path_07,2020-07-31,0.60364994885098378
path_07,2020-08-31,0.9775900618702863
path_07,2020-09-30,0.065538905844152687
path_07,2020-10-30,-0.14876607678625531
path_07,2020-11-30,-0.053069657547194546
path_07,2020-12-31,0.039478124970430718
path_07,2021-01-29,-0.052302340803389302
path_07,2021-02-26,-0.33862336263831966
path_07,2021-03-31,-0.28505614021263748
path_07,2021-04-30,0.91378525537230904
path_07,2021-06-30,-0.13484104344599951
path_07,2021-07-30,0.25329470715627339
path_07,2021-08-31,-0.16843725354568106
path_07,2021-09-30,-0.18026422428152025
path_07,2021-10-29,-0.44046280394849857
path_07,2021-11-30,0.54174604875804544
path_07,2021-12-31,-0.18111604378329824
path_07,2022-01-31,0.17152984757739739
path_07,2022-02-28,0.064621318436619751
path_07,2022-04-29,-0.17946105563896658
path_07,2022-05-31,-0.098304602494022453
path_07,2022-06-30,0.18557839871218751
path_07,2022-07-29,0.038053355768899434
path_07,2022-08-31,-0.071581291853597601
path_07,2022-09-30,-0.078316037878736006
path_07,2022-10-31,-0.04189472264355721
path_07,2022-11-30,0.20890921847926716
path_07,2022-12-30,-0.0083918514172420591
path_07,2023-01-31,0.08537204813279084
path_07,2023-02-28,0.24204615027904722
path_07,2023-03-31,0.53870497737908041
path_07,2023-04-28,-0.39939843120730101
path_07,2023-05-31,0.17931357611802037
path_07,2023-06-30,0.041027272573559273
path_07,2023-07-31,-0.37367420477775631
path_07,2023-08-31,0.4846648316475976
path_07,2023-09-29,0.029308466242097899
path_07,2023-10-31,-0.12337564772216031
path_07,2023-11-30,1.0946070268792611
path_07,2023-12-29,0.019676612526290136
path_07,2024-01-31,0.21602718434601675
path_07,2024-02-29,0.20256655645411725
path_07,2024-04-30,0.056145042241125778
path_07,2024-05-31,0.41526064362462967
path_07,2024-06-28,0.48769793282673651
path_07,2024-07-31,0.31538690172315942
path_07,2024-08-30,-0.091752802916067661
path_07,2024-09-30,0.10613400620951671
path_07,2024-10-31,-0.1084792694654812
path_07,2024-11-29,0.085461794989525913
path_07,2024-12-31,0.83548453277596435
path_07,2025-01-31,0.23509331330448083
path_07,2025-02-28,-0.071849050675910575
path_07,2025-04-30,0.10548867094494677
path_07,2025-05-30,0.38211321097775608
path_07,2025-06-30,-0.094194752718917529
path_07,2025-07-31,-0.25384104228901455
path_07,2025-08-29,0.21310431374021743
path_07,2025-09-30,0.6137470329805309
path_07,2025-10-31,-0.27716721678663103
path_07,2025-11-28,-0.061850480885705515
path_07,2025-12-31,-0.40737890534064974
path_07,2026-01-30,0.081680846740663143
path_07,2026-02-27,-0.029607826176612118
path_07,2026-03-31,-0.096919709627189154
path_07,2026-04-30,0.67457982751950285
path_08,2018-01-31,0.99225145225890665
path_08,2018-02-28,-0.55767685341946716
path_08,2018-04-30,-0.15286008099173809
path_08,2018-05-31,0.34961726777592422
path_08,2018-06-29,0.39785865746860194
path_08,2018-07-31,-0.086849612739266085
path_08,2018-08-31,0.52410507153963004
path_08,2018-09-28,-0.28669327217424023
path_08,2018-10-31,-0.27071501866723291
path_08,2018-11-30,-0.032918617163568767
path_08,2018-12-31,0.06095420484727429
path_08,2019-01-31,-0.04276043968409135
path_08,2019-02-28,-0.2928824031394982
path_08,2019-04-30,0.63796695362066991
path_08,2019-05-31,-0.11342925932179462
path_08,2019-06-28,0.82188813180738929
path_08,2019-07-31,-0.14719650062958176
path_08,2019-08-30,-0.14175622776846294
path_08,2019-09-30,-0.17059194085468002
path_08,2019-10-31,0.026216349097037406
path_08,2019-11-29,0.66119440429490506
path_08,2019-12-31,0.37826793511342599
path_08,2020-01-31,1.2782706067054743
path_08,2020-02-28,0.33587968343937086
path_08,2020-03-31,-2.7832708169871858
path_08,2020-04-30,0.60658354597721653
path_08,2020-05-29,-0.1002703430143858
path_08,2020-06-30,0.59831252939790847
path_08,2020-07-31,0.6061994258423018
path_08,2020-08-31,0.99052992368056814
path_08,2020-09-30,0.070747530796537256
path_08,2020-10-30,-0.14538112023216312
path_08,2020-11-30,-0.057240631472226647
path_08,2020-12-31,0.043907165747354024
path_08,2021-01-29,-0.057362290496558027
path_08,2021-02-26,-0.3389523687614982
path_08,2021-03-31,-0.29357739750800255
path_08,2021-04-30,0.9475253865890586
path_08,2021-06-30,-0.13743574840373593
path_08,2021-07-30,0.26781387610946178
path_08,2021-08-31,-0.15381790512295232
path_08,2021-09-30,-0.18518269643607904
path_08,2021-10-29,-0.43224123418534394
path_08,2021-11-30,0.53151442992245257
path_08,2021-12-31,-0.18109748236118858
path_08,2022-01-31,0.16829360325868994
path_08,2022-02-28,0.065006089118575194
path_08,2022-04-29,-0.18596192570425177
path_08,2022-05-31,-0.1047608268675403
path_08,2022-06-30,0.17573065578553407
path_08,2022-07-29,0.090183684202825076
path_08,2022-08-31,-0.056593485445322556
path_08,2022-09-30,-0.081167666630096919
path_08,2022-10-31,-0.014711687397664755
path_08,2022-11-30,0.17560667890334136
path_08,2022-12-30,-0.0068972055422176388
path_08,2023-01-31,0.14539792903096746
path_08,2023-02-28,0.24135754879558091
path_08,2023-03-31,0.50704996098229882
path_08,2023-04-28,-0.3979060191942092
path_08,2023-05-31,0.14458379843980843
path_08,2023-06-30,0.032718579372248653
path_08,2023-07-31,-0.35810822245280932
path_08,2023-08-31,0.48141200985998156
path_08,2023-09-29,0.039325096699586268
path_08,2023-10-31,-0.12893717273136332
path_08,2023-11-30,1.0502442628174642
path_08,2023-12-29,0.03501662536946315
path_08,2024-01-31,0.16740127497341029
path_08,2024-02-29,0.21253048558463355
path_08,2024-04-30,0.040945444244909888
path_08,2024-05-31,0.39148519829699413
path_08,2024-06-28,0.4812582456974181
path_08,2024-07-31,0.31971909109622565
path_08,2024-08-30,-0.10418421776626272
path_08,2024-09-30,0.10194443295530878
path_08,2024-10-31,-0.095345371179184985
path_08,2024-11-29,0.10481531376405817
path_08,2024-12-31,0.83768916835915042
path_08,2025-01-31,0.22028710858928696
path_08,2025-02-28,-0.072920596405386728
path_08,2025-04-30,0.10382768992299542
path_08,2025-05-30,0.3547653744924732
path_08,2025-06-30,-0.087335416999507781
path_08,2025-07-31,-0.2342467207542096
path_08,2025-08-29,0.21963334364849843
path_08,2025-09-30,0.60960140741279523
path_08,2025-10-31,-0.27716225041470122
path_08,2025-11-28,-0.067933259094549878
path_08,2025-12-31,-0.38745745251071534
path_08,2026-01-30,0.057775891773220137
path_08,2026-02-27,-0.036111589963720284
path_08,2026-03-31,-0.10413561435028663
path_08,2026-04-30,0.65919267945485738
path_09,2018-01-31,1.0013177665692325
path_09,2018-02-28,-0.58703672354182623
path_09,2018-04-30,-0.14665447724431266
path_09,2018-05-31,0.36169912548272504
path_09,2018-06-29,0.3982219858269137
path_09,2018-07-31,-0.076055953814703758
path_09,2018-08-31,0.52066876944576035
path_09,2018-09-28,-0.30270440225614503
path_09,2018-10-31,-0.27856540909652833
path_09,2018-11-30,-0.033969041073589515
path_09,2018-12-31,0.050244912868451813
path_09,2019-01-31,-0.037795262953517893
path_09,2019-02-28,-0.29402178727974088
path_09,2019-04-30,0.64094606351785355
path_09,2019-05-31,-0.10746886200080101
path_09,2019-06-28,0.83062243845695782
path_09,2019-07-31,-0.13981647144495674
path_09,2019-08-30,-0.13540352590102001
path_09,2019-09-30,-0.16350399390210216
path_09,2019-10-31,0.035136550534933739
path_09,2019-11-29,0.66816024198499102
path_09,2019-12-31,0.38618745560901302
path_09,2020-01-31,1.3071774664058351
path_09,2020-02-28,0.33379841708872193
path_09,2020-03-31,-2.9004234044303852
path_09,2020-04-30,0.63051271531984565
path_09,2020-05-29,-0.10757865473238896
path_09,2020-06-30,0.61709657034958543
path_09,2020-07-31,0.64780341406020647
path_09,2020-08-31,1.0081163623878722
path_09,2020-09-30,0.072578703861863936
path_09,2020-10-30,-0.14669279917117817
path_09,2020-11-30,-0.054450327716577589
path_09,2020-12-31,0.04186114158291683
path_09,2021-01-29,-0.058257940758062544
path_09,2021-02-26,-0.33500668390025612
path_09,2021-03-31,-0.28215289747388017
path_09,2021-04-30,0.92701038800579216
path_09,2021-06-30,-0.13695473024304705
path_09,2021-07-30,0.26463784036347793
path_09,2021-08-31,-0.14781980486653959
path_09,2021-09-30,-0.19233504410556651
path_09,2021-10-29,-0.42424398988092982
path_09,2021-11-30,0.55916807216294273
path_09,2021-12-31,-0.17682619829276486
path_09,2022-01-31,0.1568761031620296
path_09,2022-02-28,-0.0012808129265775847
path_09,2022-04-29,-0.18176975364480963
path_09,2022-05-31,-0.083550277163914319
path_09,2022-06-30,0.18453012926049872
path_09,2022-07-29,0.049594717357979448
path_09,2022-08-31,-0.075246845795666165
path_09,2022-09-30,-0.074157851940362063
path_09,2022-10-31,-0.020009630387196466
path_09,2022-11-30,0.20958683674955247
path_09,2022-12-30,0.011928102543439064
path_09,2023-01-31,0.15966591349109432
path_09,2023-02-28,0.26048341326497576
path_09,2023-03-31,0.52353384675011416
path_09,2023-04-28,-0.39855814390724986
path_09,2023-05-31,0.14675247713536269
path_09,2023-06-30,0.040822702082040356
path_09,2023-07-31,-0.35783170967852207
path_09,2023-08-31,0.48678836342484644
path_09,2023-09-29,0.045744206200166948
path_09,2023-10-31,-0.12351868723294887
path_09,2023-11-30,1.0721592159005044
path_09,2023-12-29,0.022541256867351291
path_09,2024-01-31,0.18107443851509386
path_09,2024-02-29,0.19178244036088829
path_09,2024-04-30,0.032599258645866144
path_09,2024-05-31,0.41550544408155304
path_09,2024-06-28,0.51192773757237775
path_09,2024-07-31,0.31777883196905693
path_09,2024-08-30,-0.12586404769304049
path_09,2024-09-30,0.084298471647722459
path_09,2024-10-31,-0.098330908642608683
path_09,2024-11-29,0.12287763653298184
path_09,2024-12-31,0.85396224668719345
path_09,2025-01-31,0.25494048717180073
path_09,2025-02-28,-0.054679026861268305
path_09,2025-04-30,0.11135452738921371
path_09,2025-05-30,0.35577956874901445
path_09,2025-06-30,-0.091942799805459816
path_09,2025-07-31,-0.22767631489351037
path_09,2025-08-29,0.22450330315810113
path_09,2025-09-30,0.61266139322682744
path_09,2025-10-31,-0.27500839002022126
path_09,2025-11-28,-0.069098026805202939
path_09,2025-12-31,-0.39290926074094423
path_09,2026-01-30,0.068466336863222649
path_09,2026-02-27,-0.032722040215636072
path_09,2026-03-31,-0.10007251714281383
path_09,2026-04-30,0.67209832974204475
path_10,2018-01-31,0.7622364444539298
path_10,2018-02-28,-0.41309213661465771
path_10,2018-04-30,-0.16093370593867123
path_10,2018-05-31,0.27084914419463318
path_10,2018-06-29,0.32486138919470725
path_10,2018-07-31,-0.072358540548875444
path_10,2018-08-31,0.29980575924623382
path_10,2018-09-28,-0.22970324635608869
path_10,2018-10-31,-0.18762143077551363
path_10,2018-11-30,-0.067362829238658911
path_10,2018-12-31,0.167641060140027
path_10,2019-01-31,-0.016716768852173304
path_10,2019-02-28,-0.27140241705372614
path_10,2019-04-30,0.34722582329717011
path_10,2019-05-31,-0.11306575197897337
path_10,2019-06-28,0.77408372985716012
path_10,2019-07-31,-0.28215292172168038
path_10,2019-08-30,-0.10567648932004448
path_10,2019-09-30,-0.32244406561373168
path_10,2019-10-31,-0.12121483004704597
path_10,2019-11-29,0.48361674582196046
path_10,2019-12-31,0.049236783741505585
path_10,2020-01-31,1.5483052355136511
path_10,2020-02-28,0.42096664869957678
path_10,2020-03-31,-1.5802434774697347
path_10,2020-04-30,0.53568016910968919
path_10,2020-05-29,-0.096950393590491277
path_10,2020-06-30,0.49941601469803859
path_10,2020-07-31,0.56885883084016953
path_10,2020-08-31,0.83406925636962304
path_10,2020-09-30,0.11882456098101632
path_10,2020-10-30,-0.127860364987537
path_10,2020-11-30,-0.2252306444820531
path_10,2020-12-31,-0.01286151896606548
path_10,2021-01-29,-0.010479730266777162
path_10,2021-02-26,-0.42938199685664702
path_10,2021-03-31,-0.17354369633540423
path_10,2021-04-30,0.91651801747202566
path_10,2021-06-30,-0.079595427087886583
path_10,2021-07-30,0.16733479979117394
path_10,2021-08-31,-0.09337511051139559
path_10,2021-09-30,-0.21574363747892708
path_10,2021-10-29,-0.37809865176103036
path_10,2021-11-30,0.51221037635410671
path_10,2021-12-31,-0.19116803070805527
path_10,2022-01-31,0.20813772757869725
path_10,2022-02-28,0.208030707198227
path_10,2022-04-29,-0.19887342605228836
path_10,2022-05-31,-0.16060032210197042
path_10,2022-06-30,0.18174624669241091
path_10,2022-07-29,-0.14243243289395274
path_10,2022-08-31,-0.10551755583224956
path_10,2022-09-30,-0.052657241980668824
path_10,2022-10-31,-0.045264400794870055
path_10,2022-11-30,0.42121557326179287
path_10,2022-12-30,-0.064134356929960126
path_10,2023-01-31,0.031243537082545333
path_10,2023-02-28,0.37178375782870443
path_10,2023-03-31,0.65219910429322936
path_10,2023-04-28,-0.59213750793909836
path_10,2023-05-31,0.070086109333348162
path_10,2023-06-30,-0.17197124540846861
path_10,2023-07-31,-0.37274101273492832
path_10,2023-08-31,0.34445243979733337
path_10,2023-09-29,-0.15704744104498938
path_10,2023-10-31,-0.10845379675980948
path_10,2023-11-30,1.1375331342443651
path_10,2023-12-29,-0.00073912029372779492
path_10,2024-01-31,0.39698148108148423
path_10,2024-02-29,0.49504016421569536
path_10,2024-04-30,0.061479402756820636
path_10,2024-05-31,0.35353061223718835
path_10,2024-06-28,0.42315430369337609
path_10,2024-07-31,0.26570318940055698
path_10,2024-08-30,0.0055054616853964303
path_10,2024-09-30,0.18810935556183067
path_10,2024-10-31,-0.1118547871016643
path_10,2024-11-29,0.057175101173204623
path_10,2024-12-31,0.65656990860310738
path_10,2025-01-31,0.13851407414162964
path_10,2025-02-28,-0.12113211706505449
path_10,2025-04-30,0.037514311267861179
path_10,2025-05-30,0.71822669169842801
path_10,2025-06-30,-0.0020956536843109337
path_10,2025-07-31,-0.23403012054296113
path_10,2025-08-29,-0.12845776271197204
path_10,2025-09-30,0.67628078166322825
path_10,2025-10-31,-0.29777601515830115
path_10,2025-11-28,0.047144738019878618
path_10,2025-12-31,-0.256982031201692
path_10,2026-01-30,0.029148547530597195
path_10,2026-02-27,-0.083338669824514655
path_10,2026-03-31,-0.1039284748176902
path_10,2026-04-30,0.92684213289341222
