config,return_date,decision_date,contract_rows,active_contracts,gross_weight,net_weight,long_weight,short_weight,max_abs_weight
larger,2021-01-29,2020-12-31,262,23,0.036454,0.0057919999999997002,0.021122999999999802,0.0153309999999999,0.0046979999999999002
larger,2021-02-26,2021-01-29,262,12,0.048047999999999702,-0.0023959999999998002,0.022825999999999801,0.025221999999999901,0.0112
larger,2021-03-31,2021-02-26,262,10,0.031661999999999801,0.0016360000000000001,0.016649000000000001,0.0150129999999999,0.0069839999999999
larger,2021-04-30,2021-03-31,262,22,0.0372939999999998,0.0098659999999998003,0.023579999999999601,0.013714,0.0056039999999998001
larger,2021-06-30,2021-04-30,262,17,0.042323,-0.0032869999999998001,0.019518000000000001,0.022804999999999801,0.020684999999999901
larger,2021-07-30,2021-06-30,262,30,0.038089999999999603,0.0057459999999997001,0.021917999999999702,0.016171999999999902,0.0041139999999998001
larger,2021-08-31,2021-07-30,262,23,0.039493,0.002957,0.021225000000000001,0.018268,0.007502
larger,2021-09-30,2021-08-31,262,37,0.0394829999999999,0.017962999999999701,0.028722999999999901,0.01076,0.00462
larger,2021-10-29,2021-09-30,262,24,0.037594999999999802,0.0029710000000000001,0.020282999999999801,0.0173119999999999,0.0047499999999999001
larger,2021-11-30,2021-10-29,262,20,0.049156999999999701,-0.0033630000000002,0.022896999999999602,0.026259999999999901,0.025530000000000001
larger,2021-12-31,2021-11-30,262,20,0.040505999999999702,-0.0028179999999999,0.018843999999999701,0.0216619999999999,0.0073749999999998001
larger,2022-01-31,2021-12-31,262,23,0.040445000000000002,0.0040210000000000003,0.022232999999999802,0.018211999999999801,0.0062249999999998001
larger,2022-02-28,2022-01-31,262,17,0.0450609999999999,0.0059109999999998001,0.025485999999999901,0.019574999999999902,0.0080400000000000003
larger,2022-04-29,2022-02-28,262,15,0.032901999999999702,-0.0018700000000001001,0.0155159999999999,0.017385999999999902,0.0103389999999999
larger,2022-05-31,2022-04-29,262,11,0.034165000000000001,-0.015073,0.0095460000000000007,0.024618999999999901,0.01184
larger,2022-06-30,2022-05-31,262,15,0.035577999999999901,-0.0093519999999999003,0.013113,0.022464999999999902,0.0088500000000000002
larger,2022-07-29,2022-06-30,262,14,0.029218999999999801,0.0070429999999998003,0.0181309999999998,0.011088000000000001,0.0098809999999999003
larger,2022-08-31,2022-07-29,262,14,0.036049999999999902,0.0016559999999999,0.0188529999999998,0.0171969999999999,0.0081399999999999008
larger,2022-09-30,2022-08-31,262,16,0.030895999999999701,-0.0048539999999999001,0.013020999999999901,0.017874999999999901,0.0092499999999999007
larger,2022-10-31,2022-09-30,262,10,0.037478999999999901,-0.005953,0.015762999999999801,0.021715999999999801,0.01052
larger,2022-11-30,2022-10-31,262,14,0.0373009999999998,-0.0056189999999999001,0.0158409999999998,0.02146,0.010120000000000001
larger,2022-12-30,2022-11-30,262,22,0.039824999999999902,-0.0021129999999999001,0.018856000000000001,0.020968999999999901,0.0074549999999999001
larger,2023-01-31,2022-12-30,262,15,0.030894999999999902,0.0014389999999999,0.0161669999999999,0.0147279999999998,0.005568
larger,2023-02-28,2023-01-31,262,19,0.0356149999999998,-0.0048470000000002001,0.015383999999999801,0.020230999999999801,0.0065250000000000004
larger,2023-03-31,2023-02-28,262,17,0.042197999999999902,0.0015879999999999,0.021892999999999802,0.0203049999999999,0.0054149999999998002
larger,2023-04-28,2023-03-31,262,16,0.039814999999999802,-0.0037849999999997001,0.018015,0.021799999999999702,0.01155
larger,2023-05-31,2023-04-28,262,26,0.040893999999999701,0.0149979999999999,0.027945999999999901,0.0129479999999998,0.0048700000000000002
larger,2023-06-30,2023-05-31,262,25,0.037933000000000001,0.0030029999999998001,0.020468,0.017465000000000001,0.0041099999999999002
larger,2023-07-31,2023-06-30,262,23,0.0403169999999997,0.013915,0.027116000000000001,0.0132009999999999,0.0062329999999999001
larger,2023-08-31,2023-07-31,262,21,0.0366379999999999,0.0224179999999999,0.029527999999999902,0.00711,0.0054200000000000003
larger,2023-09-29,2023-08-31,262,27,0.050930999999999602,0.00065899999999980005,0.0257949999999997,0.025135999999999901,0.010200000000000001
larger,2023-10-31,2023-09-29,262,20,0.051189999999999902,0.018272,0.034730999999999901,0.016459000000000001,0.010200000000000001
larger,2023-11-30,2023-10-31,262,17,0.051288,0.02138,0.036333999999999901,0.014954,0.010200000000000001
larger,2023-12-29,2023-11-30,262,29,0.038693999999999701,0.00075000000000000002,0.019722,0.018971999999999802,0.010200000000000001
larger,2024-01-31,2023-12-29,262,24,0.032838999999999702,0.021254999999999701,0.0270469999999997,0.0057919999999997002,0.0040590000000000001
larger,2024-02-29,2024-01-31,262,17,0.023310999999999901,0.0055509999999998,0.014430999999999901,0.0088799999999999001,0.0035490000000000001
larger,2024-04-30,2024-02-29,262,22,0.0336339999999999,0.017158,0.025395999999999901,0.0082380000000000005,0.0051000000000000004
larger,2024-05-31,2024-04-30,262,17,0.022586999999999802,0.0043729999999997,0.0134799999999999,0.0091070000000000005,0.0051000000000000004
larger,2024-06-28,2024-05-31,262,12,0.022883000000000001,0.0096410000000000003,0.016261999999999902,0.0066210000000000001,0.0076150000000000002
larger,2024-07-31,2024-06-28,262,17,0.026216999999999602,0.0128749999999998,0.0195459999999998,0.0066709999999999001,0.0067080000000000004
larger,2024-08-30,2024-07-31,262,20,0.036368999999999402,0.0040309999999996,0.0201999999999996,0.016168999999999802,0.0067599999999998
larger,2024-09-30,2024-08-30,262,18,0.031829000000000003,0.015696999999999801,0.023762999999999802,0.0080660000000000003,0.0057000000000000002
larger,2024-10-31,2024-09-30,262,17,0.037238,-0.0102419999999999,0.013498,0.0237399999999999,0.0098200000000000006
larger,2024-11-29,2024-10-31,262,17,0.034299999999999803,0.01273,0.023514999999999901,0.0107849999999998,0.0086400000000000001
larger,2024-12-31,2024-11-29,262,16,0.039475999999999803,0.031843999999999803,0.035659999999999803,0.0038159999999999002,0.0078480000000000008
larger,2025-01-31,2024-12-31,262,20,0.037992999999999902,0.022700999999999801,0.030346999999999801,0.007646,0.0054599999999998001
larger,2025-02-28,2025-01-31,262,13,0.036129000000000001,0.031866999999999902,0.033998,0.0021310000000000001,0.0058799999999999001
larger,2025-04-30,2025-02-28,262,13,0.040972999999999801,0.030141000000000001,0.035556999999999901,0.0054159999999999001,0.0081480000000000007
larger,2025-05-30,2025-04-30,262,9,0.035111999999999602,0.0132720000000001,0.024191999999999901,0.0109199999999998,0.0077819999999999001
larger,2025-06-30,2025-05-30,262,12,0.038991999999999902,0.022943999999999801,0.030967999999999801,0.0080239999999998004,0.0052500000000000003
larger,2025-07-31,2025-06-30,262,15,0.036320999999999902,0.022120999999999901,0.0292209999999999,0.0071000000000000004,0.0087170000000000008
larger,2025-08-29,2025-07-31,262,17,0.032432000000000002,0.0097120000000000001,0.021072,0.0113599999999999,0.0044999999999998002
larger,2025-09-30,2025-08-29,262,24,0.0425569999999999,0.016289000000000001,0.029423000000000001,0.013134,0.0035999999999999002
larger,2025-10-31,2025-09-30,262,19,0.032750000000000001,0.0090379999999999003,0.020893999999999802,0.011856,0.0041000000000000003
larger,2025-11-28,2025-10-31,262,13,0.045179999999999901,0.0154519999999999,0.030315999999999801,0.0148639999999999,0.01008
larger,2025-12-31,2025-11-28,262,23,0.0478369999999999,0.024025000000000001,0.035930999999999901,0.011906,0.0079450000000000007
larger,2026-01-30,2025-12-31,262,24,0.043983999999999801,0.0131540000000001,0.0285689999999999,0.0154149999999998,0.00545
larger,2026-02-27,2026-01-30,262,16,0.044517000000000001,0.0043750000000000004,0.024445999999999801,0.020070999999999901,0.0070000000000000001
larger,2026-03-31,2026-02-27,262,21,0.056064999999999601,0.016602999999999601,0.0363339999999997,0.019730999999999901,0.0065599999999999001
larger,2026-04-30,2026-03-31,262,23,0.051161999999999902,0.021257999999999801,0.036209999999999902,0.014952,0.0046639999999999
larger+VIX,2021-01-29,2020-12-31,267,21,0.0488839999999999,-0.0308160000000001,0.0090339999999997003,0.039849999999999802,0.029700000000000001
larger+VIX,2021-02-26,2021-01-29,267,20,0.060039999999999802,-0.036556000000000102,0.0117419999999999,0.048298000000000001,0.030720000000000001
larger+VIX,2021-03-31,2021-02-26,267,14,0.039335999999999802,-0.027150000000000101,0.0060929999999998,0.033243000000000002,0.027040000000000002
larger+VIX,2021-04-30,2021-03-31,267,19,0.034347999999999802,-0.0132840000000001,0.0105319999999998,0.0238159999999999,0.0144
larger+VIX,2021-06-30,2021-04-30,267,19,0.0381299999999999,-0.016039999999999902,0.0110449999999999,0.027085000000000001,0.011900000000000001
larger+VIX,2021-07-30,2021-06-30,267,30,0.042281999999999702,-0.0144840000000002,0.0138989999999998,0.028382999999999901,0.016740000000000001
larger+VIX,2021-08-31,2021-07-30,267,23,0.0299979999999999,-0.0132460000000001,0.0083759999999998003,0.021621999999999902,0.0087600000000000004
larger+VIX,2021-09-30,2021-08-31,267,34,0.036174999999999402,-0.00027700000000000001,0.017948999999999701,0.018225999999999801,0.0079099999999997003
larger+VIX,2021-10-29,2021-09-30,267,22,0.048008999999999601,-0.030341000000000201,0.0088339999999998003,0.0391749999999998,0.02793
larger+VIX,2021-11-30,2021-10-29,267,23,0.0304429999999998,0.0049609999999997,0.017701999999999801,0.012741000000000001,0.0050400000000000002
larger+VIX,2021-12-31,2021-11-30,267,21,0.051623999999999802,-0.027851999999999901,0.0118859999999999,0.039738000000000002,0.027089999999999701
larger+VIX,2022-01-31,2021-12-31,267,23,0.030405999999999801,0.00024999999999980002,0.015327999999999901,0.015077999999999901,0.0055999999999999002
larger+VIX,2022-02-28,2022-01-31,267,18,0.0535689999999997,-0.035601000000000001,0.0089839999999999001,0.044584999999999902,0.035029999999999901
larger+VIX,2022-04-29,2022-02-28,267,21,0.0620569999999998,-0.035002999999999902,0.0135269999999999,0.0485299999999999,0.04095
larger+VIX,2022-05-31,2022-04-29,267,17,0.049048999999999801,-0.0322870000000001,0.0083809999999998001,0.040668000000000003,0.029798999999999801
larger+VIX,2022-06-30,2022-05-31,267,14,0.030622,-0.021294,0.0046639999999999,0.025957999999999901,0.018720000000000001
larger+VIX,2022-07-29,2022-06-30,267,12,0.035471999999999802,-0.020708000000000101,0.0073819999999998002,0.02809,0.024910000000000002
larger+VIX,2022-08-31,2022-07-29,267,14,0.036045000000000001,-0.018225000000000002,0.0089099999999999006,0.027134999999999802,0.024115000000000001
larger+VIX,2022-09-30,2022-08-31,267,16,0.039383999999999801,-0.027369999999999901,0.0060069999999997001,0.0333769999999999,0.026207999999999902
larger+VIX,2022-10-31,2022-09-30,267,13,0.053635000000000002,-0.0375049999999999,0.0080649999999999004,0.045569999999999902,0.04018
larger+VIX,2022-11-30,2022-10-31,267,12,0.026052999999999701,-0.0133430000000001,0.0063549999999998,0.019698,0.0078840000000000004
larger+VIX,2022-12-30,2022-11-30,267,17,0.030727999999999901,-0.011254,0.0097369999999999002,0.020990999999999801,0.0054060000000000002
larger+VIX,2023-01-31,2022-12-30,267,12,0.028295999999999901,-0.021758,0.0032690000000000002,0.025027000000000001,0.01035
larger+VIX,2023-02-28,2023-01-31,267,12,0.024975999999999901,-0.018242000000000001,0.0033669999999999,0.021609,0.011433
larger+VIX,2023-03-31,2023-02-28,267,17,0.0273339999999999,-0.0126999999999998,0.0073169999999999,0.020016999999999702,0.0085360000000000002
larger+VIX,2023-04-28,2023-03-31,267,15,0.028456999999999701,-0.0136369999999998,0.0074099999999999002,0.021046999999999701,0.0071380000000000002
larger+VIX,2023-05-31,2023-04-28,267,20,0.0306479999999997,-0.010866000000000001,0.0098909999999997004,0.020756999999999901,0.0082620000000000002
larger+VIX,2023-06-30,2023-05-31,267,10,0.045561999999999901,-0.043563999999999901,0.0009990000000000001,0.044562999999999901,0.0119139999999999
larger+VIX,2023-07-31,2023-06-30,267,11,0.035140999999999901,-0.027308999999999702,0.0039160000000000002,0.031224999999999802,0.0103789999999999
larger+VIX,2023-08-31,2023-07-31,267,13,0.030807999999999801,-0.0247,0.0030539999999999001,0.0277539999999999,0.0095879999999999004
larger+VIX,2023-09-29,2023-08-31,267,13,0.034838000000000001,-0.031178000000000001,0.00183,0.033007999999999801,0.010147
larger+VIX,2023-10-31,2023-09-29,267,14,0.042793999999999902,-0.035810000000000002,0.0034919999999999001,0.0393019999999999,0.020497000000000001
larger+VIX,2023-11-30,2023-10-31,267,16,0.042435999999999703,-0.033231999999999901,0.0046019999999997001,0.037833999999999701,0.016638
larger+VIX,2023-12-29,2023-11-30,267,14,0.047798999999999703,-0.043801,0.0019989999999998,0.045799999999999702,0.0139079999999999
larger+VIX,2024-01-31,2023-12-29,267,13,0.034071999999999901,-0.024535999999999902,0.0047679999999998002,0.0293039999999999,0.011596
larger+VIX,2024-02-29,2024-01-31,267,9,0.0355769999999999,-0.033454999999999901,0.0010610000000000001,0.034515999999999901,0.012089000000000001
larger+VIX,2024-04-30,2024-02-29,267,15,0.032847999999999801,-0.025100000000000101,0.0038739999999999001,0.028974,0.012054
larger+VIX,2024-05-31,2024-04-30,267,16,0.046711999999999802,-0.039511999999999901,0.0035999999999999002,0.0431119999999999,0.020924999999999801
larger+VIX,2024-06-28,2024-05-31,267,17,0.0461199999999998,-0.037093999999999801,0.0045129999999998002,0.041606999999999901,0.027948000000000001
larger+VIX,2024-07-31,2024-06-28,267,14,0.046807999999999801,-0.033009999999999901,0.0068989999999999,0.039908999999999903,0.015010000000000001
larger+VIX,2024-08-30,2024-07-31,267,10,0.054658999999999902,-0.053464999999999901,0.00059699999999990002,0.054061999999999902,0.020878000000000001
larger+VIX,2024-09-30,2024-08-30,267,14,0.055518999999999902,-0.047513,0.0040029999999998001,0.051515999999999902,0.030955
larger+VIX,2024-10-31,2024-09-30,267,10,0.040850999999999901,-0.0393789999999999,0.000736,0.040114999999999901,0.0126
larger+VIX,2024-11-29,2024-10-31,267,16,0.070684999999999804,-0.061663000000000003,0.0045109999999997001,0.0661739999999999,0.026112
larger+VIX,2024-12-31,2024-11-29,267,11,0.045668999999999703,-0.0409070000000002,0.0023809999999997002,0.043288,0.018093999999999801
larger+VIX,2025-01-31,2024-12-31,267,13,0.061818999999999902,-0.054899000000000003,0.0034599999999998,0.0583589999999998,0.023352999999999902
larger+VIX,2025-02-28,2025-01-31,267,15,0.069359000000000004,-0.058682999999999902,0.0053379999999999001,0.0640209999999998,0.021003999999999901
larger+VIX,2025-04-30,2025-02-28,267,17,0.080126999999999601,-0.068361000000000102,0.0058829999999997001,0.074244000000000004,0.023911999999999801
larger+VIX,2025-05-30,2025-04-30,267,18,0.078363999999999601,-0.0656280000000002,0.0063679999999998,0.071996000000000004,0.024416
larger+VIX,2025-06-30,2025-05-30,267,17,0.071831999999999702,-0.056646000000000002,0.0075929999999996001,0.064238999999999602,0.020435999999999802
larger+VIX,2025-07-31,2025-06-30,267,18,0.0675039999999998,-0.054972,0.0062659999999998004,0.061238000000000001,0.025988000000000001
larger+VIX,2025-08-29,2025-07-31,267,19,0.082838999999999802,-0.068720999999999602,0.0070590000000000002,0.07578,0.022952
larger+VIX,2025-09-30,2025-08-29,267,25,0.0843999999999996,-0.065073999999999702,0.0096629999999999008,0.074736999999999804,0.022377999999999901
larger+VIX,2025-10-31,2025-09-30,267,19,0.0764099999999997,-0.065453999999999901,0.0054779999999997001,0.070931999999999801,0.020702999999999801
larger+VIX,2025-11-28,2025-10-31,267,13,0.077107999999999802,-0.068856000000000001,0.0041259999999998,0.0729819999999997,0.019911999999999801
larger+VIX,2025-12-31,2025-11-28,267,17,0.066778000000000004,-0.055259999999999802,0.0057590000000000002,0.0610189999999999,0.018928
larger+VIX,2026-01-30,2025-12-31,267,21,0.071772999999999906,-0.056140999999999802,0.007816,0.063956999999999903,0.019276000000000001
larger+VIX,2026-02-27,2026-01-30,267,24,0.090800999999999701,-0.075222999999999901,0.0077889999999999002,0.083012000000000002,0.027387000000000002
larger+VIX,2026-03-31,2026-02-27,267,23,0.092780000000000001,-0.071494000000000002,0.010643,0.082136999999999905,0.02385
larger+VIX,2026-04-30,2026-03-31,267,19,0.092902999999999805,-0.075916999999999901,0.0084929999999997004,0.084409999999999902,0.036288000000000001
orig,2021-01-29,2020-12-31,49,12,0.028004999999999901,-0.0026189999999999001,0.012692999999999901,0.0153119999999999,0.0042719999999999
orig,2021-02-26,2021-01-29,49,4,0.029826999999999802,-0.0096869999999999006,0.0100699999999999,0.019757,0.0112
orig,2021-03-31,2021-02-26,49,5,0.0389069999999999,0.0092069999999998004,0.024056999999999901,0.0148499999999999,0.017069000000000001
orig,2021-04-30,2021-03-31,49,7,0.025725999999999902,-0.0093659999999999004,0.0081799999999998003,0.017545999999999801,0.0078659999999999008
orig,2021-06-30,2021-04-30,49,6,0.0358259999999999,-0.0155439999999999,0.0101409999999999,0.025684999999999701,0.020684999999999901
orig,2021-07-30,2021-06-30,49,9,0.0289089999999999,0.0058230000000000001,0.017365999999999802,0.011542999999999901,0.0059500000000000004
orig,2021-08-31,2021-07-30,49,11,0.034307999999999901,-0.01273,0.010789,0.023518999999999901,0.011253000000000001
orig,2021-09-30,2021-08-31,49,12,0.023460999999999801,0.0010249999999997,0.0122429999999997,0.011218000000000001,0.0048260000000000004
orig,2021-10-29,2021-09-30,49,10,0.0312099999999998,-0.0057479999999998001,0.0127309999999999,0.018478999999999801,0.0066239999999998002
orig,2021-11-30,2021-10-29,49,7,0.041288999999999902,-0.0126909999999999,0.0142989999999999,0.02699,0.025530000000000001
orig,2021-12-31,2021-11-30,49,9,0.0294949999999999,-0.0044249999999999004,0.0125349999999999,0.016959999999999802,0.0073749999999998001
orig,2022-01-31,2021-12-31,49,9,0.0343689999999999,-0.00035300000000000002,0.017007999999999902,0.017361000000000001,0.0079920000000000008
orig,2022-02-28,2022-01-31,49,11,0.0429589999999999,-0.0020509999999999001,0.020454,0.0225049999999999,0.0080400000000000003
orig,2022-04-29,2022-02-28,49,9,0.033778000000000002,-0.0052680000000000001,0.014255,0.019522999999999902,0.010761
orig,2022-05-31,2022-04-29,49,7,0.035777000000000003,-0.016701000000000001,0.0095379999999999007,0.026238999999999901,0.01472
orig,2022-06-30,2022-05-31,49,9,0.033486000000000002,-0.012494,0.010496,0.02299,0.011209999999999901
orig,2022-07-29,2022-06-30,49,7,0.036878000000000001,0.00044999999999990002,0.018664,0.018214000000000001,0.013014
orig,2022-08-31,2022-07-29,49,8,0.029113,-0.0046709999999999001,0.0122209999999999,0.0168919999999999,0.0081399999999999008
orig,2022-09-30,2022-08-31,49,8,0.030409999999999701,-0.0094600000000001003,0.0104749999999998,0.019935000000000001,0.010175
orig,2022-10-31,2022-09-30,49,6,0.042911999999999902,-0.0090799999999999007,0.016916,0.025995999999999901,0.013676000000000001
orig,2022-11-30,2022-10-31,49,7,0.034671,-0.0075189999999998001,0.013576,0.021094999999999801,0.013915
orig,2022-12-30,2022-11-30,49,11,0.037133999999999903,-0.0050339999999997002,0.016049999999999901,0.021083999999999901,0.0092999999999999004
orig,2023-01-31,2022-12-30,49,10,0.035809000000000001,0.009469,0.022638999999999802,0.013169999999999901,0.008352
orig,2023-02-28,2023-01-31,49,10,0.032461999999999901,-0.00677,0.012846,0.019616000000000001,0.0066750000000000004
orig,2023-03-31,2023-02-28,49,10,0.038158999999999901,-0.0033010000000000001,0.017429,0.020729999999999901,0.0072199999999999001
orig,2023-04-28,2023-03-31,49,7,0.037718999999999801,-0.0120609999999999,0.012829,0.024889999999999801,0.010395
orig,2023-05-31,2023-04-28,49,12,0.0352029999999997,0.0074069999999998,0.0213049999999999,0.0138979999999999,0.0053460000000000001
orig,2023-06-30,2023-05-31,49,13,0.033141999999999901,-0.007182,0.01298,0.020161999999999802,0.0078300000000000002
orig,2023-07-31,2023-06-30,49,7,0.030495000000000001,0.0064989999999998001,0.018497,0.011998,0.0084010000000000005
orig,2023-08-31,2023-07-31,49,11,0.039616999999999902,0.013623,0.026620000000000001,0.012997,0.0081300000000000001
orig,2023-09-29,2023-08-31,49,11,0.0405139999999998,-0.0060019999999998,0.017256000000000001,0.0232579999999999,0.010200000000000001
orig,2023-10-31,2023-09-29,49,6,0.037575999999999901,0.0075299999999997001,0.022553,0.015023,0.0127499999999999
orig,2023-11-30,2023-10-31,49,8,0.041793999999999901,0.0098939999999998005,0.025843999999999801,0.015949999999999801,0.013860000000000001
orig,2023-12-29,2023-11-30,49,14,0.033395000000000001,-0.0049449999999999,0.014225,0.01917,0.010200000000000001
orig,2024-01-31,2023-12-29,49,9,0.0258209999999999,0.0165409999999999,0.021180999999999901,0.00464,0.0054120000000000001
orig,2024-02-29,2024-01-31,49,6,0.020847000000000001,0.0042849999999999,0.012566000000000001,0.0082810000000000002,0.0082810000000000002
orig,2024-04-30,2024-02-29,49,7,0.018225000000000002,0.0068649999999998001,0.012545000000000001,0.0056800000000000002,0.0051000000000000004
orig,2024-05-31,2024-04-30,49,2,0.013395000000000001,-0.013395000000000001,0,0.013395000000000001,0.010200000000000001
orig,2024-06-28,2024-05-31,49,2,0.012707,0.012707,0.012707,0,0.0076150000000000002
orig,2024-07-31,2024-06-28,49,6,0.025502,0.0070339999999998,0.016268000000000001,0.0092339999999999003,0.0073439999999999001
orig,2024-08-30,2024-07-31,49,9,0.026850999999999701,0.0079310000000000005,0.017391,0.0094599999999998002,0.0072950000000000003
orig,2024-09-30,2024-08-30,49,9,0.026152999999999801,0.0079769999999999008,0.017065,0.0090879999999999,0.0092700000000000005
orig,2024-10-31,2024-09-30,49,9,0.027876000000000001,-0.0097039999999999002,0.0090860000000000003,0.018790000000000001,0.0098200000000000006
orig,2024-11-29,2024-10-31,49,7,0.025121999999999801,0.0070859999999997002,0.0161039999999999,0.0090179999999998005,0.0086400000000000001
orig,2024-12-31,2024-11-29,49,9,0.024326,0.017513999999999901,0.020920000000000001,0.0034060000000000002,0.0078480000000000008
orig,2025-01-31,2024-12-31,49,8,0.025312999999999902,0.0085369999999999006,0.016924999999999801,0.0083879999999999007,0.0063839999999999002
orig,2025-02-28,2025-01-31,49,7,0.028743999999999902,0.026764,0.027754000000000001,0.00098999999999990003,0.0098600000000000007
orig,2025-04-30,2025-02-28,49,9,0.027107999999999601,0.015025999999999901,0.021066999999999801,0.0060409999999998,0.0067899999999999003
orig,2025-05-30,2025-04-30,49,6,0.0277709999999999,0.0128029999999999,0.020286999999999802,0.0074840000000000002,0.0077819999999999001
orig,2025-06-30,2025-05-30,49,10,0.0334049999999999,0.0066949999999998001,0.020049999999999901,0.013355000000000001,0.00762
orig,2025-07-31,2025-06-30,49,12,0.027723999999999902,0.014244,0.020983999999999801,0.0067400000000000003,0.0072100000000000003
orig,2025-08-29,2025-07-31,49,9,0.025101999999999802,0.017971999999999901,0.021537000000000001,0.003565,0.0070000000000000001
orig,2025-09-30,2025-08-29,49,12,0.035810000000000002,0.0099899999999999,0.0228999999999999,0.01291,0.0071520000000000004
orig,2025-10-31,2025-09-30,49,12,0.0324209999999997,0.0085289999999998006,0.0204749999999999,0.011946,0.007175
orig,2025-11-28,2025-10-31,49,8,0.035988999999999702,-0.0013510000000001,0.0173189999999998,0.018669999999999801,0.01008
orig,2025-12-31,2025-11-28,49,13,0.032428999999999902,0.0144950000000001,0.023462,0.0089669999999996003,0.0079450000000000007
orig,2026-01-30,2025-12-31,49,16,0.034907000000000001,0.0065050000000000004,0.020705999999999902,0.014201,0.00696
orig,2026-02-27,2026-01-30,49,11,0.036618999999999902,-0.00056899999999980003,0.018024999999999802,0.018593999999999802,0.0087600000000000004
orig,2026-03-31,2026-02-27,49,13,0.0450269999999999,0.0047590000000000002,0.024892999999999901,0.020133999999999801,0.0065799999999999002
orig,2026-04-30,2026-03-31,49,10,0.035620999999999903,0.0057610000000001002,0.020691000000000001,0.0149299999999999,0.0071700000000000002
orig+VIX,2021-01-29,2020-12-31,54,9,0.039895,-0.034997,0.0024489999999999,0.037446,0.030800000000000001
orig+VIX,2021-02-26,2021-01-29,54,10,0.051546999999999801,-0.042379,0.0045840000000000004,0.046962999999999901,0.030079999999999801
orig+VIX,2021-03-31,2021-02-26,54,6,0.033888000000000001,-0.032568,0.00066,0.033228000000000001,0.027820000000000001
orig+VIX,2021-04-30,2021-03-31,54,10,0.027864,-0.021902000000000001,0.0029810000000000001,0.024882999999999902,0.0166
orig+VIX,2021-06-30,2021-04-30,54,8,0.022498000000000001,-0.020129999999999901,0.0011839999999999,0.021314,0.0139399999999999
orig+VIX,2021-07-30,2021-06-30,54,13,0.034446999999999901,-0.022123,0.0061619999999999002,0.0282849999999999,0.01908
orig+VIX,2021-08-31,2021-07-30,54,11,0.023022999999999801,-0.018280999999999901,0.0023709999999999001,0.020652,0.0095999999999999003
orig+VIX,2021-09-30,2021-08-31,54,12,0.023485999999999702,-0.01065,0.0064179999999999003,0.017067999999999701,0.0097999999999999008
orig+VIX,2021-10-29,2021-09-30,54,10,0.040920999999999902,-0.0360409999999999,0.0024399999999999001,0.038481000000000001,0.027074999999999901
orig+VIX,2021-11-30,2021-10-29,54,10,0.0201699999999999,-0.0062160000000000002,0.0069769999999998002,0.013193,0.0060480000000000004
orig+VIX,2021-12-31,2021-11-30,54,8,0.0412449999999999,-0.035499000000000003,0.0028729999999998002,0.038372000000000003,0.024510000000000001
orig+VIX,2022-01-31,2021-12-31,54,12,0.019088000000000001,-0.0066839999999999001,0.006202,0.012886,0.00696
orig+VIX,2022-02-28,2022-01-31,54,8,0.048521000000000002,-0.042328999999999901,0.0030959999999999,0.045425,0.035340000000000003
orig+VIX,2022-04-29,2022-02-28,54,12,0.0557529999999999,-0.036126999999999902,0.0098130000000000005,0.045940000000000002,0.040250000000000001
orig+VIX,2022-05-31,2022-04-29,54,10,0.046665999999999902,-0.035741999999999802,0.0054619999999999001,0.0412039999999999,0.027907000000000001
orig+VIX,2022-06-30,2022-05-31,54,8,0.027458,-0.023453999999999801,0.0020019999999999001,0.025455999999999802,0.019199999999999901
orig+VIX,2022-07-29,2022-06-30,54,6,0.032160000000000001,-0.024819999999999901,0.0036699999999998002,0.028490000000000001,0.025440000000000001
orig+VIX,2022-08-31,2022-07-29,54,9,0.035375999999999901,-0.021544000000000001,0.0069160000000000003,0.028459999999999801,0.025440000000000001
orig+VIX,2022-09-30,2022-08-31,54,10,0.037981999999999801,-0.030384000000000001,0.0037989999999997002,0.034182999999999901,0.027552
orig+VIX,2022-10-31,2022-09-30,54,8,0.049739999999999902,-0.035560000000000001,0.0070899999999999002,0.04265,0.04018
orig+VIX,2022-11-30,2022-10-31,54,10,0.022879,-0.016031,0.003424,0.019455,0.0087480000000000006
orig+VIX,2022-12-30,2022-11-30,54,9,0.020654999999999701,-0.0152549999999998,0.0027000000000000001,0.017954999999999801,0.0065279999999999002
orig+VIX,2023-01-31,2022-12-30,54,11,0.025107999999999901,-0.020563999999999801,0.0022720000000000001,0.022835999999999902,0.010488000000000001
orig+VIX,2023-02-28,2023-01-31,54,7,0.022661000000000001,-0.017125000000000001,0.0027680000000000001,0.019893000000000001,0.012257000000000001
orig+VIX,2023-03-31,2023-02-28,54,11,0.024144999999999701,-0.015778999999999901,0.0041830000000000001,0.0199619999999999,0.0092149999999999004
orig+VIX,2023-04-28,2023-03-31,54,9,0.0233269999999999,-0.0176409999999999,0.002843,0.020483999999999902,0.0083000000000000001
orig+VIX,2023-05-31,2023-04-28,54,7,0.019125,-0.014600999999999901,0.0022620000000000001,0.016863,0.010251
orig+VIX,2023-06-30,2023-05-31,54,9,0.049443000000000001,-0.048105000000000002,0.000669,0.048773999999999901,0.013244000000000001
orig+VIX,2023-07-31,2023-06-30,54,7,0.038363000000000001,-0.0356529999999999,0.0013550000000000001,0.037007999999999902,0.0117369999999999
orig+VIX,2023-08-31,2023-07-31,54,6,0.0328979999999999,-0.031278,0.00080999999999980003,0.032087999999999901,0.011220000000000001
orig+VIX,2023-09-29,2023-08-31,54,8,0.039014,-0.035512000000000002,0.001751,0.0372629999999999,0.011753
orig+VIX,2023-10-31,2023-09-29,54,5,0.042641999999999902,-0.042641999999999902,0,0.042641999999999902,0.021527000000000001
orig+VIX,2023-11-30,2023-10-31,54,8,0.044212999999999801,-0.036592999999999903,0.00381,0.0404029999999998,0.016107
orig+VIX,2023-12-29,2023-11-30,54,10,0.0508239999999998,-0.047446000000000002,0.0016889999999999,0.049134999999999901,0.0148199999999998
orig+VIX,2024-01-31,2023-12-29,54,8,0.036125999999999901,-0.03322,0.0014529999999997,0.034673000000000002,0.013936
orig+VIX,2024-02-29,2024-01-31,54,5,0.039265000000000001,-0.038790999999999902,0.0002369999999999,0.039028,0.013552
orig+VIX,2024-04-30,2024-02-29,54,7,0.032694999999999801,-0.0310149999999999,0.00084000000000000003,0.0318549999999998,0.013694
orig+VIX,2024-05-31,2024-04-30,54,7,0.0474199999999999,-0.043339999999999802,0.0020400000000000001,0.0453799999999999,0.020924999999999801
orig+VIX,2024-06-28,2024-05-31,54,8,0.047675000000000002,-0.039072999999999802,0.0043010000000000001,0.043374000000000003,0.027029999999999901
orig+VIX,2024-07-31,2024-06-28,54,11,0.049282999999999702,-0.041089000000000001,0.0040969999999999002,0.0451859999999999,0.01558
orig+VIX,2024-08-30,2024-07-31,54,12,0.064067999999999806,-0.0553659999999997,0.0043509999999999001,0.059716999999999902,0.019734000000000002
orig+VIX,2024-09-30,2024-08-30,54,13,0.062834000000000001,-0.051611999999999901,0.0056109999999998002,0.057222999999999802,0.029444999999999801
orig+VIX,2024-10-31,2024-09-30,54,7,0.047343000000000003,-0.0466989999999999,0.00032200000000000002,0.047021,0.015552
orig+VIX,2024-11-29,2024-10-31,54,11,0.075700000000000003,-0.062336000000000003,0.0066819999999998001,0.069017999999999802,0.024
orig+VIX,2024-12-31,2024-11-29,54,9,0.052579000000000001,-0.045406999999999802,0.0035859999999999,0.048992999999999801,0.018421
orig+VIX,2025-01-31,2024-12-31,54,9,0.065402999999999906,-0.056173000000000001,0.0046149999999999004,0.060788000000000002,0.021919999999999901
orig+VIX,2025-02-28,2025-01-31,54,12,0.072733999999999702,-0.0613860000000001,0.0056739999999997001,0.0670599999999998,0.020951999999999901
orig+VIX,2025-04-30,2025-02-28,54,12,0.081305999999999906,-0.073680000000000107,0.0038129999999998001,0.077493000000000006,0.023789999999999902
orig+VIX,2025-05-30,2025-04-30,54,11,0.0796319999999998,-0.068705999999999601,0.005463,0.074168999999999902,0.022914
orig+VIX,2025-06-30,2025-05-30,54,12,0.074969999999999801,-0.062415999999999902,0.0062769999999998001,0.068693000000000004,0.024336
orig+VIX,2025-07-31,2025-06-30,54,12,0.0699739999999998,-0.060218000000000001,0.0048780000000000004,0.065096000000000001,0.02409
orig+VIX,2025-08-29,2025-07-31,54,13,0.086797999999999903,-0.073133999999999602,0.0068319999999998,0.079965999999999801,0.026904000000000001
orig+VIX,2025-09-30,2025-08-29,54,17,0.089772000000000005,-0.073948,0.0079120000000000006,0.081860000000000002,0.021648000000000001
orig+VIX,2025-10-31,2025-09-30,54,16,0.081985000000000002,-0.075486999999999901,0.0032490000000000002,0.078736,0.024309000000000001
orig+VIX,2025-11-28,2025-10-31,54,10,0.082407999999999801,-0.071017999999999901,0.0056950000000000004,0.076712999999999906,0.021944999999999801
orig+VIX,2025-12-31,2025-11-28,54,12,0.0706259999999998,-0.059662,0.0054819999999999001,0.065143999999999702,0.022464000000000001
orig+VIX,2026-01-30,2025-12-31,54,14,0.078799999999999801,-0.065222000000000002,0.0067889999999999001,0.0720109999999997,0.026352
orig+VIX,2026-02-27,2026-01-30,54,12,0.094669000000000003,-0.078349000000000002,0.0081600000000000006,0.086509000000000003,0.027494999999999901
orig+VIX,2026-03-31,2026-02-27,54,11,0.086050000000000001,-0.0781919999999999,0.0039290000000000002,0.082121,0.025193
orig+VIX,2026-04-30,2026-03-31,54,15,0.095177999999999902,-0.082128000000000007,0.0065250000000000004,0.088652999999999801,0.033012
