Universe Family,Basis,Strategy,Realized Value,Path P05 Sharpe,Path P25 Sharpe,Path P50 Sharpe,Path P75 Sharpe,Path P95 Sharpe,Path P50 Max Drawdown,P Sharpe Less Than 0,P Max Drawdown Less Than -0.5,P Default
resampled,full_cost_net,larger E1 capped,0.5627162905974455,-0.29483974465032364,0.30132328309288303,0.47474547376274623,0.764670962608212,1.28991098261717,-0.7321233315319571,0.2,0.95,0.0
resampled,full_cost_net,larger Equal premium capped,0.48061024970981153,-0.3075135063895655,0.23747130918153053,0.437836999206593,0.5723805372879442,1.0809837547920262,-0.9634789907702297,0.2,1.0,0.0
resampled,full_cost_net,larger Equal risk capped,0.5580506176345401,-0.2039906135304132,0.3800346924327729,0.5169225314076862,0.669742327998336,1.2427968672417185,-0.935731754932021,0.15,1.0,0.0
resampled,full_cost_net,larger GM paper,-2.2789576553984197,-3.01905696068548,-2.5056643893807213,-2.2873909944343964,-2.20912466269523,-2.0451899834739375,-1.0,1.0,1.0,1.0
resampled,full_cost_net,larger+VIX E1 capped,1.514035612117258,0.9865038635815754,1.1664709751270719,1.3885996805002985,1.6879794676540056,2.1049798994375815,-0.43830908388043543,0.0,0.3,0.0
resampled,full_cost_net,larger+VIX Equal premium capped,0.07905387400704766,-0.7368834667024196,-0.1582909137016122,0.08520292244799821,0.17144862650623427,0.7878892157158616,-0.9941302603588881,0.4,1.0,0.0
resampled,full_cost_net,larger+VIX Equal risk capped,0.27207197960340457,-0.5250068621771917,0.08303317113609815,0.26442385139752733,0.375499500703775,1.0356848402164773,-0.9765928850212118,0.25,1.0,0.0
resampled,full_cost_net,larger+VIX GM paper,-2.138783561790056,-4.57962189022812,-2.2839031456724834,-2.1530431901247584,-2.112006389095619,-1.9219740944811647,-1.0,1.0,1.0,1.0
resampled,full_cost_net,orig E1 capped,0.7241215889649832,-0.005088763495816634,0.3234401076551541,0.6663613101196506,0.8858899938845838,1.3740413695506477,-0.7501067680236553,0.05,0.9,0.0
resampled,full_cost_net,orig Equal premium capped,0.3590178087634934,-0.3958943437198612,-0.011106556267534843,0.31933160475798517,0.49447921271012807,0.9223141089700981,-0.9249805694549884,0.3,1.0,0.0
resampled,full_cost_net,orig Equal risk capped,0.3407638139215389,-0.398494878132582,-0.025758718068582563,0.2994023550835685,0.4674092512316113,0.9262007357926247,-0.9242650546234542,0.35,1.0,0.0
resampled,full_cost_net,orig GM paper,-1.4147928991911154,-2.4680238357224367,-1.908781984287101,-1.5783433195088485,-1.3443221647755308,-1.2375859440795538,-1.0,1.0,1.0,1.0
resampled,full_cost_net,orig+VIX E1 capped,1.2875638121896607,0.7587286090218808,0.8803281773918654,1.277984939983345,1.507569069158956,1.9174385127644344,-0.6225185044588493,0.0,0.75,0.0
resampled,full_cost_net,orig+VIX Equal premium capped,-0.8763391357452797,-1.9549254514538925,-1.2715577648670895,-0.9886309130801676,-0.8194385566674756,-0.30465111883338103,-0.9999991605994212,1.0,1.0,0.0
resampled,full_cost_net,orig+VIX Equal risk capped,-1.0051028856045827,-2.165933712796832,-1.3954201325410922,-1.0991674409706227,-0.9359096544964229,-0.3592478430524279,-0.9999991807659805,1.0,1.0,0.0
resampled,full_cost_net,orig+VIX GM paper,-1.20404880823636,-1.9510566362936774,-1.517046603193355,-1.352785423458426,-1.1683731092211096,-1.0198047344299663,-1.0,1.0,1.0,1.0
resampled,gross,larger E1 capped,0.819799536825463,0.09644100633612543,0.557234930049832,0.720114540139345,1.0259723163635042,1.487591043951087,-0.6684435632281822,0.05,0.85,0.0
resampled,gross,larger Equal premium capped,0.6951238689136057,-0.08072075319143814,0.45285792177226825,0.62600992797619,0.7933465839057906,1.252612228972469,-0.896462079117865,0.15,1.0,0.0
resampled,gross,larger Equal risk capped,0.8173286433687711,0.053441067929546504,0.6317739841615826,0.7414687105406037,0.9471778261289736,1.4266463226552806,-0.8628495852867717,0.05,1.0,0.0
resampled,gross,larger GM paper,0.500280341044454,-0.0791979590598799,0.21939789988991126,0.4493543177071724,0.8581218773907346,1.2362075976387716,-0.7017939245473439,0.15,0.8,0.0
resampled,gross,larger+VIX E1 capped,1.922896211748667,1.4026674913664667,1.6028192164382817,1.762158803344996,2.1185613641708847,2.4153842728163744,-0.36635438409940935,0.0,0.05,0.0
resampled,gross,larger+VIX Equal premium capped,0.3232687992806882,-0.4772332295413652,0.0992847552080999,0.33083101647281177,0.41052463945812573,0.9815745181084032,-0.9714900611669106,0.2,1.0,0.0
resampled,gross,larger+VIX Equal risk capped,0.5370443143969553,-0.25973726958305077,0.35080699843507823,0.4947618575032731,0.6473077282076086,1.2293225624700581,-0.9199519283183941,0.2,1.0,0.0
resampled,gross,larger+VIX GM paper,0.8530801709964747,0.3399560365070027,0.5727397620162284,0.8380298962195802,1.2378343606271272,1.497621427198513,-0.49504732473053964,0.0,0.5,0.0
resampled,gross,orig E1 capped,0.9536794133099091,0.23086638821102662,0.5003520828624132,0.8937456968967521,1.0998966456854486,1.5880492002771123,-0.6910176566484972,0.05,0.85,0.0
resampled,gross,orig Equal premium capped,0.5392379625987882,-0.1746065033772354,0.1445742935312592,0.4879248369251152,0.6888250218539048,1.1007981174980688,-0.9024646999347472,0.1,1.0,0.0
resampled,gross,orig Equal risk capped,0.5555151377806686,-0.15126693529754118,0.16475208090843646,0.49781438943698403,0.7083869483952385,1.132549394223272,-0.8942219637889011,0.1,1.0,0.0
resampled,gross,orig GM paper,0.853311201763669,0.06608468148069221,0.34712189916959046,0.6758612808895041,1.0717597004552526,1.6168277662602943,-0.8734908041614109,0.05,0.95,0.0
resampled,gross,orig+VIX E1 capped,1.6035878098030374,1.0403628494684292,1.2146735268992548,1.6058934635165802,1.7905866517846123,2.21549022095213,-0.5350995717179505,0.0,0.6,0.0
resampled,gross,orig+VIX Equal premium capped,-0.6060955232983243,-1.538165377799919,-0.9217167642357589,-0.7048823983162724,-0.558777794382032,-0.11686479296331981,-0.9999875215885574,0.95,1.0,0.0
resampled,gross,orig+VIX Equal risk capped,-0.7066952954787802,-1.7769692772548162,-0.9879370760895438,-0.811504007862111,-0.6303434730252434,-0.15241899332350495,-0.9999877686729384,0.95,1.0,0.0
resampled,gross,orig+VIX GM paper,1.387394399984995,0.5346897795346547,0.9212548218069994,1.2622365357176126,1.5828409621412,1.952405663569899,-0.5864338191305183,0.0,0.85,0.0
