config,strategy,return_date,decision_date,train_start,train_end,gross_return,predicted_cost,net_return,gross_nav,predicted_annual_vol,scenario_cvar_loss,short_margin_used,collateral_used,integer_repair_failed,information_set_valid
orig+VIX,R1 repaired net utility,2021-01-29,2020-12-31,2017-11-30,2020-12-31,0.016304998474121098,0.0010847540543815408,0.015220244419739556,0.039895,0.14999023513432896,0.07506295463869729,0.08749580017089845,0.08994480017089845,False,True
orig+VIX,R1 repaired net utility,2021-02-26,2021-01-29,2017-12-29,2021-01-29,-0.04150199877929688,0.0013746476989685578,-0.04287664647826544,0.051546999999999996,0.1499917508377126,0.08394600060576649,0.08357920013427736,0.08816320013427736,False,True
orig+VIX,R1 repaired net utility,2021-03-31,2021-02-26,2018-01-31,2021-02-26,-0.02307199999999999,0.0009383716654980962,-0.024010371665498083,0.033888,0.1499910398529225,0.08145955304551994,0.06686550000000001,0.0675255,False,True
orig+VIX,R1 repaired net utility,2021-04-30,2021-03-31,2018-02-28,2021-03-31,0.025229997802734386,0.0009729563094974508,0.024257041493236937,0.027864000000000003,0.1499860724864624,0.0776280363996669,0.07032600006103515,0.07330700006103515,False,True
orig+VIX,R1 repaired net utility,2021-06-30,2021-04-30,2018-04-30,2021-04-30,0.005520999999999998,0.0007302508287807989,0.004790749171219199,0.022498,0.14999148467437412,0.07695401792627675,0.05621,0.057394,False,True
orig+VIX,R1 repaired net utility,2021-07-30,2021-06-30,2018-05-31,2021-06-30,0.033416999633789066,0.0011505491178682428,0.03226645051592082,0.034447,0.14999200589133777,0.0833769207304839,0.14657170013427737,0.15273370013427737,False,True
orig+VIX,R1 repaired net utility,2021-08-31,2021-07-30,2018-06-29,2021-07-30,0.017728995605468735,0.0008654593777203033,0.016863536227748433,0.023023,0.1499903740761907,0.08168103451950902,0.11248700067138673,0.11485800067138673,False,True
orig+VIX,R1 repaired net utility,2021-09-30,2021-08-31,2018-07-31,2021-08-31,0.00017699620056152183,0.00102920586705812,-0.0008522096664965982,0.023486,0.1499964478363617,0.08451639011472925,0.11079420068359375,0.11721220068359375,False,True
orig+VIX,R1 repaired net utility,2021-10-29,2021-09-30,2018-08-31,2021-09-30,-0.060719000915527344,0.0011844380766961363,-0.06190343899222348,0.040921,0.14998968816234953,0.06917578532802685,0.098641,0.101081,False,True
orig+VIX,R1 repaired net utility,2021-11-30,2021-10-29,2018-09-28,2021-10-29,0.01905499835205078,0.0007258082028252428,0.018329190149225537,0.02017,0.14999368051178655,0.07454911199196705,0.05980739990234376,0.06678439990234376,False,True
orig+VIX,R1 repaired net utility,2021-12-31,2021-11-30,2018-10-31,2021-11-30,0.00520799835205077,0.0012526462230931967,0.003955352128957573,0.041245,0.14999270855771538,0.07072787277748875,0.10258779992675782,0.10546079992675782,False,True
orig+VIX,R1 repaired net utility,2022-01-31,2021-12-31,2018-11-30,2021-12-31,-0.004657999389648436,0.0006970568999723637,-0.0053550562896208,0.019088,0.14999100169179821,0.07341810628480304,0.06377920043945312,0.06998120043945312,False,True
orig+VIX,R1 repaired net utility,2022-02-28,2022-01-31,2018-12-31,2022-01-31,0.03716600100708008,0.0011421583423786555,0.03602384266470142,0.04852100000000001,0.14999679860755705,0.08191934015184223,0.08544059997558594,0.08853659997558594,False,True
orig+VIX,R1 repaired net utility,2022-04-29,2022-02-28,2019-01-31,2022-02-28,0.04475599835205078,0.0013541942966081217,0.04340180405544266,0.055753000000000004,0.14998607380561577,0.07177851744683626,0.09001119970703125,0.09982419970703126,False,True
orig+VIX,R1 repaired net utility,2022-05-31,2022-04-29,2019-02-28,2022-04-29,0.005461999267578124,0.0012317217595893832,0.004230277507988741,0.046666,0.14998445724085638,0.06404494765416067,0.10032849975585938,0.10579049975585937,False,True
orig+VIX,R1 repaired net utility,2022-06-30,2022-05-31,2019-04-30,2022-05-31,0.014071999267578125,0.0007770228914013512,0.013294976376176774,0.027458,0.14999601866347037,0.0519009902151782,0.07200039978027345,0.07400239978027345,False,True
orig+VIX,R1 repaired net utility,2022-07-29,2022-06-30,2019-05-31,2022-06-30,-0.008196001747131337,0.0008798438174199226,-0.00907584556455126,0.03216,0.1499871041240778,0.05099517327864435,0.07832300000000002,0.08199300000000001,False,True
orig+VIX,R1 repaired net utility,2022-08-31,2022-07-29,2019-06-28,2022-07-29,0.0020730061187744135,0.000924626196274885,0.0011483799224995285,0.035376000000000005,0.14999140159808444,0.045563499731282694,0.07923519989013673,0.08615119989013674,False,True
orig+VIX,R1 repaired net utility,2022-09-30,2022-08-31,2019-07-31,2022-08-31,0.028848997863769533,0.0009912897992464637,0.02785770806452307,0.037982,0.14999750587616897,0.04131313767702355,0.11668149963378907,0.12048049963378907,False,True
orig+VIX,R1 repaired net utility,2022-10-31,2022-09-30,2019-08-30,2022-09-30,0.0394380005493164,0.0011162745130398777,0.038321726036276524,0.04974,0.14998928298737382,0.054105766201390446,0.076012,0.083102,False,True
orig+VIX,R1 repaired net utility,2022-11-30,2022-10-31,2019-09-30,2022-10-31,0.000651000732421872,0.0006471669145392809,3.833817882591042e-06,0.022879000000000004,0.14999700773704847,0.056014800152107413,0.08264159930419923,0.08606559930419923,False,True
orig+VIX,R1 repaired net utility,2022-12-30,2022-11-30,2019-10-31,2022-11-30,0.001511999816894533,0.000707894927857943,0.0008041048890365899,0.020654999999999996,0.14999243282274896,0.08308929272188458,0.07440589978027343,0.07710589978027342,False,True
orig+VIX,R1 repaired net utility,2023-01-31,2022-12-30,2019-11-29,2022-12-30,-0.014577998596191409,0.0007083015979953487,-0.015286300194186758,0.025108000000000002,0.14998978665325216,0.046430650434390056,0.07544859977722168,0.07772059977722168,False,True
orig+VIX,R1 repaired net utility,2023-02-28,2023-01-31,2019-12-31,2023-01-31,0.018712000976562514,0.0006750677493159908,0.018036933227246525,0.022661,0.14999749416258207,0.05315246586222319,0.06867580015563965,0.07144380015563966,False,True
orig+VIX,R1 repaired net utility,2023-03-31,2023-02-28,2020-01-31,2023-02-28,0.01760900076293945,0.0007527616385054977,0.016856239124433955,0.024144999999999996,0.14999898900458639,0.06746500155124559,0.07904572362768555,0.08322872362768556,False,True
orig+VIX,R1 repaired net utility,2023-04-28,2023-03-31,2020-02-28,2023-03-31,-0.015348000854492191,0.0007472470674954742,-0.016095247921987667,0.023327,0.1499964401257092,0.08540336769818116,0.07369470007324219,0.07653770007324219,False,True
orig+VIX,R1 repaired net utility,2023-05-31,2023-04-28,2020-03-31,2023-04-28,0.006353999877929687,0.001004439867010469,0.005349560010919218,0.019125,0.14999472165765604,0.08857578491133682,0.10977110021972655,0.11203310021972655,False,True
orig+VIX,R1 repaired net utility,2023-06-30,2023-05-31,2020-04-30,2023-05-31,-0.002809000915527351,0.0027370619333772005,-0.005546062848904552,0.049443,0.14999354720983837,0.0040727343620977265,0.2105151997070313,0.2111841997070313,False,True
orig+VIX,R1 repaired net utility,2023-07-31,2023-06-30,2020-05-29,2023-06-30,0.029748999999999998,0.0023449112007326916,0.027404088799267305,0.038363,0.149997363960623,0.014566336262456089,0.194825299407959,0.196180299407959,False,True
orig+VIX,R1 repaired net utility,2023-08-31,2023-07-31,2020-06-30,2023-07-31,0.009827999999999993,0.0020831745364762156,0.007744825463523777,0.032898000000000004,0.14999250113687343,0.014443463887718447,0.1740145,0.1748245,False,True
orig+VIX,R1 repaired net utility,2023-09-29,2023-08-31,2020-07-31,2023-08-31,0.02740000170898437,0.0023326904760764882,0.025067311232907882,0.039014,0.1499933980245941,0.011205344612412382,0.18890780029296877,0.19065880029296878,False,True
orig+VIX,R1 repaired net utility,2023-10-31,2023-09-29,2020-08-31,2023-09-29,0.041614999694824226,0.002356487790015532,0.039258511904808696,0.042642,0.14998820506132357,0.027381915843845764,0.20653240008544926,0.20653240008544926,False,True
orig+VIX,R1 repaired net utility,2023-11-30,2023-10-31,2020-09-30,2023-10-31,-0.016068994384765615,0.001978852733947174,-0.01804784711871279,0.044212999999999995,0.1499939764580695,0.03684889553511712,0.18211349999999998,0.1859235,False,True
orig+VIX,R1 repaired net utility,2023-12-29,2023-11-30,2020-10-30,2023-11-30,0.022781000305175787,0.0028496183502593943,0.019931381954916394,0.050824,0.14998932649442612,0.006591056512506319,0.21271940032958986,0.21440840032958985,False,True
orig+VIX,R1 repaired net utility,2024-01-31,2023-12-29,2020-11-30,2023-12-29,0.025278999511718747,0.0025044569837966405,0.022774542527922107,0.036126,0.14998904957010473,0.008879611412495395,0.19587550000000004,0.19732850000000005,False,True
orig+VIX,R1 repaired net utility,2024-02-29,2024-01-31,2020-12-31,2024-01-31,0.035623,0.0022525225283686447,0.033370477471631355,0.039265,0.14999185532161838,0.008793955433992792,0.19147800000000004,0.19171500000000002,False,True
orig+VIX,R1 repaired net utility,2024-04-30,2024-02-29,2021-01-29,2024-02-29,0.03199000061035156,0.0021975070418084283,0.02979249356854313,0.032694999999999995,0.14999234346826926,0.012726886801012737,0.18603480029296873,0.18687480029296874,False,True
orig+VIX,R1 repaired net utility,2024-05-31,2024-04-30,2021-02-26,2024-04-30,-0.03040200134277343,0.0027631397684389648,-0.033165141111212396,0.047420000000000004,0.14999558670195406,0.038101649175808355,0.24399530010986326,0.24603530010986324,False,True
orig+VIX,R1 repaired net utility,2024-06-28,2024-05-31,2021-03-31,2024-05-31,-0.008274998352050754,0.0027925278501663314,-0.011067526202217084,0.047675,0.14999578225377208,0.04788173884459114,0.24222500000000002,0.24652600000000002,False,True
orig+VIX,R1 repaired net utility,2024-07-31,2024-06-28,2021-04-30,2024-06-28,0.023454999694824216,0.003403931147963714,0.020051068546860503,0.049282999999999993,0.14999728419334799,0.04552160018846295,0.28098840005493164,0.28508540005493166,False,True
orig+VIX,R1 repaired net utility,2024-08-30,2024-07-31,2021-06-30,2024-07-31,0.0583100009765625,0.003989230474256589,0.05432077050230591,0.064068,0.1499878903831852,0.01990470586152589,0.33312479986572263,0.3374757998657226,False,True
orig+VIX,R1 repaired net utility,2024-09-30,2024-08-30,2021-07-30,2024-08-30,0.03906599999999998,0.003251685708212151,0.03581431429178783,0.062834,0.14999749662898643,0.03395403495502665,0.22424440017700198,0.22985540017700198,False,True
orig+VIX,R1 repaired net utility,2024-10-31,2024-09-30,2021-08-31,2024-09-30,0.02059700000000001,0.003323437486834048,0.017273562513165964,0.047343,0.14998650088886184,0.014695305922688875,0.30688730004882814,0.3072093000488281,False,True
orig+VIX,R1 repaired net utility,2024-11-29,2024-10-31,2021-09-30,2024-10-31,0.033387998901367164,0.003678670991637904,0.029709327909729258,0.07570000000000002,0.1499928976028419,0.03255051081876878,0.26868027800000005,0.27536227800000007,False,True
orig+VIX,R1 repaired net utility,2024-12-31,2024-11-29,2021-10-29,2024-11-29,0.04900800115966797,0.0032389682852571986,0.04576903287441077,0.052579,0.14999194398520277,0.018655916490457093,0.266439498,0.270025498,False,True
orig+VIX,R1 repaired net utility,2025-01-31,2024-12-31,2021-11-30,2024-12-31,0.03685900207519531,0.0035452875289921472,0.03331371454620316,0.06540299999999999,0.14999620985981982,0.01926261108987907,0.22107337400000002,0.22568837400000002,False,True
orig+VIX,R1 repaired net utility,2025-02-28,2025-01-31,2021-12-31,2025-01-31,0.04344900091552733,0.004077372929237661,0.03937162798628967,0.072734,0.1499937242674401,0.022417971140068934,0.29058296399999994,0.29625696399999996,False,True
orig+VIX,R1 repaired net utility,2025-04-30,2025-02-28,2022-01-31,2025-02-28,0.052669000000000014,0.0041486075700354706,0.048520392429964546,0.08130599999999999,0.1499953745710977,0.030445082021887802,0.30465483800000004,0.30846783800000005,False,True
orig+VIX,R1 repaired net utility,2025-05-30,2025-04-30,2022-02-28,2025-04-30,0.018545997375488323,0.004304005034851281,0.014241992340637041,0.07963200000000001,0.1499988374522522,0.030831748402042402,0.450924702,0.456387702,False,True
orig+VIX,R1 repaired net utility,2025-06-30,2025-05-30,2022-04-29,2025-05-30,0.06636100024414063,0.004122552418092504,0.06223844782604812,0.07497,0.14998708508394534,0.03091539024560966,0.37684252230517584,0.3831195223051758,False,True
orig+VIX,R1 repaired net utility,2025-07-31,2025-06-30,2022-05-31,2025-06-30,0.02303099621582027,0.003874563308243201,0.01915643290757707,0.069974,0.14999422167712226,0.026175347648640507,0.37661865032958985,0.38149665032958985,False,True
orig+VIX,R1 repaired net utility,2025-08-29,2025-07-31,2022-06-30,2025-07-31,0.03557299725341798,0.004560210396287163,0.031012786857130818,0.08679799999999999,0.14998552275169955,0.018806877766935178,0.3284176513896485,0.3352496513896485,False,True
orig+VIX,R1 repaired net utility,2025-09-30,2025-08-29,2022-07-29,2025-08-29,0.06109799786376951,0.00485516174044545,0.05624283612332406,0.089772,0.14998634422641913,0.02519171334090301,0.4244416993896484,0.43235369938964835,False,True
orig+VIX,R1 repaired net utility,2025-10-31,2025-09-30,2022-08-31,2025-09-30,0.07126700000000001,0.0049436821969977415,0.06632331780300227,0.081985,0.14999944277869462,0.013580535647153249,0.4342137202075196,0.4374627202075196,False,True
orig+VIX,R1 repaired net utility,2025-11-28,2025-10-31,2022-09-30,2025-10-31,0.013208000000000036,0.004347825916584434,0.008860174083415603,0.082408,0.1499899126499223,0.02872175913202561,0.356215496,0.361910496,False,True
orig+VIX,R1 repaired net utility,2025-12-31,2025-11-28,2022-10-31,2025-11-28,0.021376003051757866,0.004057270727145601,0.017318732324612264,0.070626,0.14999960542841884,0.025025420142243925,0.34260707199999996,0.34808907199999994,False,True
orig+VIX,R1 repaired net utility,2026-01-30,2025-12-31,2022-11-30,2025-12-31,0.06783499743652344,0.005407603862906947,0.06242739357361649,0.0788,0.14998873347090108,0.015203685202385403,0.521262500024414,0.528051500024414,False,True
orig+VIX,R1 repaired net utility,2026-02-27,2026-01-30,2022-12-30,2026-01-30,0.081271998046875,0.00500537182692189,0.07626662621995312,0.094669,0.14998554260353633,0.025809748749464158,0.381561664,0.389721664,False,True
orig+VIX,R1 repaired net utility,2026-03-31,2026-02-27,2023-01-31,2026-02-27,0.07417099951171875,0.004518429357883964,0.06965257015383479,0.08605,0.14998574673144713,0.028368835611679178,0.3496199041953125,0.35354890419531254,False,True
orig+VIX,R1 repaired net utility,2026-04-30,2026-03-31,2023-02-28,2026-03-31,-0.020613987060546887,0.004205554974162863,-0.02481954203470975,0.095178,0.14999570066536047,0.02728467124083881,0.36555817582910166,0.37208317582910166,False,True
larger+VIX,R1 repaired net utility,2021-01-29,2020-12-31,2017-11-30,2020-12-31,0.004941996658325196,0.0013584867442661195,0.0035835099140590766,0.048884,0.14999332301248508,0.0662159072728077,0.12104999984741213,0.13008399984741215,False,True
larger+VIX,R1 repaired net utility,2021-02-26,2021-01-29,2017-12-29,2021-01-29,-0.03989399617309571,0.0016271045484096132,-0.041521100721505326,0.06004,0.14999109424979354,0.06873637802510471,0.08641920013427735,0.09816120013427736,False,True
larger+VIX,R1 repaired net utility,2021-03-31,2021-02-26,2018-01-31,2021-02-26,-0.026644000244140615,0.0011028017696459401,-0.027746802013786556,0.039335999999999996,0.14999979884160722,0.07637151634000788,0.06802920004272463,0.07412220004272463,False,True
larger+VIX,R1 repaired net utility,2021-04-30,2021-03-31,2018-02-28,2021-03-31,0.03838200378417969,0.0011568926406682022,0.037225111143511486,0.034348000000000004,0.14998854786801058,0.0714984602989604,0.07626340017700195,0.08679540017700195,False,True
larger+VIX,R1 repaired net utility,2021-06-30,2021-04-30,2018-04-30,2021-04-30,-0.014112000213623042,0.0010279015443547127,-0.015139901757977754,0.03813,0.14998949832106365,0.08135915323481287,0.06975339996337891,0.08079839996337891,False,True
larger+VIX,R1 repaired net utility,2021-07-30,2021-06-30,2018-05-31,2021-06-30,0.03435799353027342,0.0013669833766739,0.032991010153599516,0.04228200000000001,0.14999619544331574,0.0812882794535843,0.15599650091552736,0.16989550091552735,False,True
larger+VIX,R1 repaired net utility,2021-08-31,2021-07-30,2018-06-29,2021-07-30,0.01944899400329589,0.001050449638757205,0.018398544364538683,0.029998000000000004,0.14999987329436204,0.083049818307962,0.11310560076904298,0.12148160076904298,False,True
larger+VIX,R1 repaired net utility,2021-09-30,2021-08-31,2018-07-31,2021-08-31,-0.01198400247192384,0.0013382149704981548,-0.013322217442421996,0.036175,0.1499950413725843,0.08311141892675733,0.12656980053710937,0.14451880053710936,False,True
larger+VIX,R1 repaired net utility,2021-10-29,2021-09-30,2018-08-31,2021-09-30,-0.057755000488281236,0.0013744291739179876,-0.05912942966219922,0.048008999999999996,0.1499939646306076,0.058367319560989686,0.10455100015258789,0.11338500015258789,False,True
larger+VIX,R1 repaired net utility,2021-11-30,2021-10-29,2018-09-28,2021-10-29,0.045309991210937504,0.0009881658338176148,0.044321825377119886,0.030442999999999998,0.1499930734524239,0.073686839391138,0.053780899902343755,0.07148289990234376,False,True
larger+VIX,R1 repaired net utility,2021-12-31,2021-11-30,2018-10-31,2021-11-30,0.00613399685668944,0.0015126629894566365,0.004621333867232803,0.051623999999999996,0.14999746807439165,0.06023632399243288,0.095976,0.10786200000000001,False,True
larger+VIX,R1 repaired net utility,2022-01-31,2021-12-31,2018-11-30,2021-12-31,-0.01751100146484375,0.0010347194731535714,-0.01854572093799732,0.030406000000000002,0.14999254838292697,0.07017884422134549,0.08060859984563126,0.09593659984563126,False,True
larger+VIX,R1 repaired net utility,2022-02-28,2022-01-31,2018-12-31,2022-01-31,0.03124500070190429,0.0012885555911155086,0.029956445110788783,0.05356899999999999,0.1499998042907797,0.07587433352390689,0.0814475,0.0904315,False,True
larger+VIX,R1 repaired net utility,2022-04-29,2022-02-28,2019-01-31,2022-02-28,0.04570299826049804,0.0015713941950761113,0.04413160406542193,0.062057,0.1499960838285302,0.06713894944566674,0.10560299981689454,0.11912999981689454,False,True
larger+VIX,R1 repaired net utility,2022-05-31,2022-04-29,2019-02-28,2022-04-29,0.004934001098632813,0.0012647038052724506,0.0036692972933603627,0.04904900000000001,0.1499855601050031,0.058647681828927385,0.0919154998779297,0.1002964998779297,False,True
larger+VIX,R1 repaired net utility,2022-06-30,2022-05-31,2019-04-30,2022-05-31,0.007725999206542972,0.0008530732085775258,0.006872925997965446,0.030622000000000003,0.14999290478638289,0.04129139507536111,0.07501479980468752,0.07967879980468752,False,True
larger+VIX,R1 repaired net utility,2022-07-29,2022-06-30,2019-05-31,2022-06-30,-0.00982400144195556,0.0009717087424204819,-0.010795710184376042,0.035472000000000004,0.14999134231802766,0.04268072396895816,0.07715400000000003,0.08453600000000003,False,True
larger+VIX,R1 repaired net utility,2022-08-31,2022-07-29,2019-06-28,2022-07-29,-0.0004289967193603514,0.0009782121343087967,-0.001407208853669148,0.036045,0.14999304348055675,0.034307138381377736,0.07631269989013674,0.08522269989013674,False,True
larger+VIX,R1 repaired net utility,2022-09-30,2022-08-31,2019-07-31,2022-08-31,0.02840699951171875,0.0010631248789023532,0.027343874632816397,0.039384,0.14998980474795032,0.03566205078024556,0.11849469982910157,0.12450169982910157,False,True
larger+VIX,R1 repaired net utility,2022-10-31,2022-09-30,2019-08-30,2022-09-30,0.038289999801635735,0.0012356845670042041,0.037054315234631534,0.053635,0.1499854899430035,0.04724916818475904,0.08424959997558594,0.09231459997558594,False,True
larger+VIX,R1 repaired net utility,2022-11-30,2022-10-31,2019-09-30,2022-10-31,-0.006942998779296876,0.0007175261272554138,-0.00766052490655229,0.026053,0.14998654863103744,0.0485734354826242,0.08965239898172966,0.09600739898172966,False,True
larger+VIX,R1 repaired net utility,2022-12-30,2022-11-30,2019-10-31,2022-11-30,-0.003264000622503662,0.0008975799335571226,-0.004161580556060784,0.030728000000000002,0.149996613757529,0.07874510228237,0.08614189960775573,0.09587889960775572,False,True
larger+VIX,R1 repaired net utility,2023-01-31,2022-12-30,2019-11-29,2022-12-30,-0.012714997161865235,0.000756183734806198,-0.013471180896671433,0.028295999999999998,0.14999042755238284,0.045921751749038904,0.08290399971008301,0.086172999710083,False,True
larger+VIX,R1 repaired net utility,2023-02-28,2023-01-31,2019-12-31,2023-01-31,0.017603000427246107,0.000734474679335658,0.016868525747910448,0.024976,0.1499925999785028,0.050945803919202295,0.07142180024032593,0.07478880024032593,False,True
larger+VIX,R1 repaired net utility,2023-03-31,2023-02-28,2020-01-31,2023-02-28,0.016627000885009766,0.0008267646299635838,0.01580023625504618,0.027333999999999997,0.14999324059407104,0.06472518469655222,0.08360806765209962,0.09092506765209962,False,True
larger+VIX,R1 repaired net utility,2023-04-28,2023-03-31,2020-02-28,2023-03-31,-0.009985001800537114,0.0008649996508486821,-0.010850001451385797,0.028457,0.14999468940901414,0.08828309325844762,0.07423940020751953,0.08164940020751953,False,True
larger+VIX,R1 repaired net utility,2023-05-31,2023-04-28,2020-03-31,2023-04-28,0.020775996383666992,0.00114457617685204,0.01963142020681495,0.030647999999999998,0.1499981824562642,0.09222721344292668,0.10193019964599609,0.11182119964599609,False,True
larger+VIX,R1 repaired net utility,2023-06-30,2023-05-31,2020-04-30,2023-05-31,-0.005157000457763676,0.002459053557392575,-0.007616054015156251,0.045562,0.14999794748503253,0.002778963771631651,0.1918049998779297,0.1928039998779297,False,True
larger+VIX,R1 repaired net utility,2023-07-31,2023-06-30,2020-05-29,2023-06-30,0.022538998611450197,0.0020567816898355803,0.020482216921614615,0.035141,0.14999149510649928,0.01381003503851818,0.15849179992675783,0.16240779992675783,False,True
larger+VIX,R1 repaired net utility,2023-08-31,2023-07-31,2020-06-30,2023-07-31,0.006103999481201165,0.0018307895938301892,0.004273209887370976,0.030807999999999995,0.14999404160358532,0.013355587659381015,0.14900049999999998,0.15205449999999998,False,True
larger+VIX,R1 repaired net utility,2023-09-29,2023-08-31,2020-07-31,2023-08-31,0.023144999633789066,0.0020209306387504824,0.021124068995038582,0.034838,0.14999253707264928,0.01216781691421074,0.1646346003417969,0.1664646003417969,False,True
larger+VIX,R1 repaired net utility,2023-10-31,2023-09-29,2020-08-31,2023-09-29,0.03548100366210937,0.0022124918877545704,0.0332685117743548,0.042794000000000006,0.14999685747615818,0.023631513063779544,0.19540680004882816,0.19889880004882815,False,True
larger+VIX,R1 repaired net utility,2023-11-30,2023-10-31,2020-09-30,2023-10-31,-0.01968399679565429,0.0018107986546082844,-0.021494795450262574,0.042436,0.14998768177914587,0.035437914888709496,0.16533509988403322,0.16993709988403322,False,True
larger+VIX,R1 repaired net utility,2023-12-29,2023-11-30,2020-10-30,2023-11-30,0.01963499928283692,0.002583079089412007,0.017051920193424913,0.047798999999999994,0.1499970006396734,0.0067330297551927865,0.21195019955444333,0.21394919955444333,False,True
larger+VIX,R1 repaired net utility,2024-01-31,2023-12-29,2020-11-30,2023-12-29,0.022007001403808592,0.002142280271944114,0.01986472113186448,0.034072,0.1499856821066116,0.006289198428147418,0.16392560006713872,0.1686936000671387,False,True
larger+VIX,R1 repaired net utility,2024-02-29,2024-01-31,2020-12-31,2024-01-31,0.03135699873352051,0.0019814243778229234,0.029375574355697587,0.035577000000000004,0.1499929757881117,0.0073613202686075505,0.17851739965820315,0.17957839965820316,False,True
larger+VIX,R1 repaired net utility,2024-04-30,2024-02-29,2021-01-29,2024-02-29,0.030254997283935547,0.0019720717216540847,0.02828292556228146,0.032848,0.1499872576781723,0.011604213424334361,0.18193339981079104,0.18580739981079103,False,True
larger+VIX,R1 repaired net utility,2024-05-31,2024-04-30,2021-02-26,2024-04-30,-0.032535998046874993,0.00256555893109458,-0.03510155697796957,0.046712,0.149998385087697,0.04121572769617553,0.23013589974975587,0.23373589974975587,False,True
larger+VIX,R1 repaired net utility,2024-06-28,2024-05-31,2021-03-31,2024-05-31,-0.015099000823974588,0.002500114286607901,-0.01759911511058249,0.04612,0.14999971786093239,0.04880701074555296,0.22266550021362305,0.22717850021362304,False,True
larger+VIX,R1 repaired net utility,2024-07-31,2024-06-28,2021-04-30,2024-06-28,0.015842999542236325,0.003051217186534007,0.012791782355702318,0.04680800000000001,0.1499990333332652,0.0437151646149367,0.2481507999572754,0.2550497999572754,False,True
larger+VIX,R1 repaired net utility,2024-08-30,2024-07-31,2021-06-30,2024-07-31,0.052635,0.0033014630531501736,0.049333536946849825,0.054659,0.14999293297361993,0.028395311188216043,0.2775781998596192,0.2781751998596192,False,True
larger+VIX,R1 repaired net utility,2024-09-30,2024-08-30,2021-07-30,2024-08-30,0.03853599783325194,0.002749214551784142,0.0357867832814678,0.055519,0.14999788315829987,0.04170783259187822,0.18606740005493166,0.19007040005493167,False,True
larger+VIX,R1 repaired net utility,2024-10-31,2024-09-30,2021-08-31,2024-09-30,0.015227000137329113,0.0027418058336045104,0.012485194303724603,0.040851000000000005,0.14999477620075166,0.013626724812053341,0.25669220007324217,0.2574282000732422,False,True
larger+VIX,R1 repaired net utility,2024-11-29,2024-10-31,2021-09-30,2024-10-31,0.028438000091552725,0.0033472416636617696,0.025090758427890957,0.070685,0.1499851506491406,0.03803195922803072,0.25197441995117187,0.25648541995117186,False,True
larger+VIX,R1 repaired net utility,2024-12-31,2024-11-29,2021-10-29,2024-11-29,0.0393509998474121,0.002717040292507093,0.03663395955490501,0.045668999999999994,0.1499977856956332,0.022853142852316533,0.224854738,0.227235738,False,True
larger+VIX,R1 repaired net utility,2025-01-31,2024-12-31,2021-11-30,2024-12-31,0.03191699954223631,0.0031532157905348798,0.02876378375170143,0.061819,0.14999015689100165,0.0239904267617804,0.19584788600000003,0.19930788600000002,False,True
larger+VIX,R1 repaired net utility,2025-02-28,2025-01-31,2021-12-31,2025-01-31,0.04184699969482421,0.0037365625734494114,0.038110437121374796,0.069359,0.14999586468740586,0.026923837481326707,0.2705005560366211,0.2758385560366211,False,True
larger+VIX,R1 repaired net utility,2025-04-30,2025-02-28,2022-01-31,2025-02-28,0.04813600047302248,0.003858170402519961,0.04427783007050252,0.080127,0.14999686425417635,0.034645924720914476,0.2870155559938965,0.2928985559938965,False,True
larger+VIX,R1 repaired net utility,2025-05-30,2025-04-30,2022-02-28,2025-04-30,0.016409999145507836,0.003948891469309946,0.01246110767619789,0.078364,0.1499872237445317,0.031239249040410894,0.40386333799999996,0.41023133799999995,False,True
larger+VIX,R1 repaired net utility,2025-06-30,2025-05-30,2022-04-29,2025-05-30,0.06145199955749511,0.003638662863211439,0.05781333669428367,0.071832,0.14998625544228403,0.0366268050396813,0.32585606609765627,0.3334490660976563,False,True
larger+VIX,R1 repaired net utility,2025-07-31,2025-06-30,2022-05-31,2025-06-30,0.023020997756957977,0.003445824407720074,0.019575173349237904,0.06750400000000001,0.14999712360775688,0.025962494830317887,0.3302116503295898,0.3364776503295898,False,True
larger+VIX,R1 repaired net utility,2025-08-29,2025-07-31,2022-06-30,2025-07-31,0.02701400096130372,0.00411437364401318,0.02289962731729054,0.08283900000000001,0.1499923046864625,0.03190762140389057,0.29151614385351565,0.29857514385351563,False,True
larger+VIX,R1 repaired net utility,2025-09-30,2025-08-29,2022-07-29,2025-08-29,0.05008099937438963,0.004286324399906252,0.045794674974483376,0.08439999999999999,0.14998768197992512,0.03729765633596274,0.36390393973754886,0.37356693973754884,False,True
larger+VIX,R1 repaired net utility,2025-10-31,2025-09-30,2022-08-31,2025-09-30,0.06783599938964843,0.004318254200331293,0.06351774518931715,0.07640999999999999,0.14998721302821133,0.023148770805281996,0.3678524000610352,0.3733304000610352,False,True
larger+VIX,R1 repaired net utility,2025-11-28,2025-10-31,2022-09-30,2025-10-31,0.017205998413085975,0.003928060484275,0.013277937928810976,0.077108,0.149992755592362,0.034749663750795606,0.3351530642441406,0.3392790642441406,False,True
larger+VIX,R1 repaired net utility,2025-12-31,2025-11-28,2022-10-31,2025-11-28,0.028179000274658264,0.0036489320228837246,0.02453006825177454,0.066778,0.1499893354817414,0.022255773349221353,0.31736854227465816,0.3231275422746582,False,True
larger+VIX,R1 repaired net utility,2026-01-30,2025-12-31,2022-11-30,2025-12-31,0.06177599960327147,0.004653241659032616,0.05712275794423886,0.07177300000000002,0.14999734327141181,0.0231628124912309,0.43904274963378903,0.446858749633789,False,True
larger+VIX,R1 repaired net utility,2026-02-27,2026-01-30,2022-12-30,2026-01-30,0.0797659994506836,0.004343796327200677,0.07542220312348293,0.09080099999999999,0.14999874650250147,0.046880333240063764,0.33283856788098143,0.3406275678809814,False,True
larger+VIX,R1 repaired net utility,2026-03-31,2026-02-27,2023-01-31,2026-02-27,0.06553899926757813,0.004203124340241044,0.06133587492733708,0.09278,0.14999368903183347,0.04107111242521663,0.31991870985351567,0.3305617098535157,False,True
larger+VIX,R1 repaired net utility,2026-04-30,2026-03-31,2023-02-28,2026-03-31,-0.03862500444030763,0.0036293833189477375,-0.042254387759255364,0.092903,0.14999378962266824,0.037024392630502195,0.33312104771923834,0.3416140477192383,False,True
orig,R1 repaired net utility,2021-01-29,2020-12-31,2017-11-30,2020-12-31,-0.009012008911132777,0.0006344152792325977,-0.009646424190365375,0.028005000000000002,0.14999532885941247,0.05018895191831785,0.15674359893798828,0.1694365989379883,False,True
orig,R1 repaired net utility,2021-02-26,2021-01-29,2017-12-29,2021-01-29,0.004504987182617187,0.0003811215163628776,0.0041238656662543095,0.029827,0.1499932686164958,0.04487587376916147,0.0476118017578125,0.0576818017578125,False,True
orig,R1 repaired net utility,2021-03-31,2021-02-26,2018-01-31,2021-02-26,0.0012040001831054217,0.0005498903388933382,0.0006541098442120834,0.038907,0.14999369330040174,0.051338239818088785,0.05404000122070313,0.07809700122070312,False,True
orig,R1 repaired net utility,2021-04-30,2021-03-31,2018-02-28,2021-03-31,0.060247982421875,0.0005188484829605936,0.05972913393891441,0.025726,0.1499896261876204,0.04604614740668895,0.12282619720458984,0.13100619720458984,False,True
orig,R1 repaired net utility,2021-06-30,2021-04-30,2018-04-30,2021-04-30,-0.047332002502441406,0.0005254483008498506,-0.047857450803291256,0.035826,0.1499924145129066,0.058925763173467316,0.09515040191650391,0.10529140191650391,False,True
orig,R1 repaired net utility,2021-07-30,2021-06-30,2018-05-31,2021-06-30,0.027525004150390626,0.000826199009040148,0.02669880514135048,0.028909,0.14998914772930375,0.04619212008459142,0.23137840179443364,0.24874440179443363,False,True
orig,R1 repaired net utility,2021-08-31,2021-07-30,2018-06-29,2021-07-30,0.024628971557617185,0.0008065311943594537,0.02382244036325773,0.034308,0.14999694174280284,0.059263049447502096,0.20620880187988283,0.21699780187988282,False,True
orig,R1 repaired net utility,2021-09-30,2021-08-31,2018-07-31,2021-08-31,-0.0076180126190185625,0.0006371571599870602,-0.008255169779005624,0.023461,0.14998789302837806,0.03491769350862211,0.15675820251464848,0.16900120251464848,False,True
orig,R1 repaired net utility,2021-10-29,2021-09-30,2018-08-31,2021-09-30,0.02049600354003906,0.0006160168468717233,0.01987998669316734,0.031209999999999998,0.1499926377041569,0.05321646217755242,0.1567664044189453,0.16949740441894529,False,True
orig,R1 repaired net utility,2021-11-30,2021-10-29,2018-09-28,2021-10-29,0.051248991027832036,0.0005616094365920982,0.050687381591239936,0.041289,0.1499901396118244,0.06410834444308325,0.07108960083007812,0.08538860083007813,False,True
orig,R1 repaired net utility,2021-12-31,2021-11-30,2018-10-31,2021-11-30,-0.037093011474609375,0.0005245784295807957,-0.03761758990419017,0.029494999999999997,0.14999903414661708,0.052677017224055406,0.09182700042724609,0.1043620004272461,False,True
orig,R1 repaired net utility,2022-01-31,2021-12-31,2018-11-30,2021-12-31,-0.05292399890136719,0.0006303578011794615,-0.05355435670254665,0.034369000000000004,0.1499872534594582,0.05298933170434843,0.10431440307617187,0.12132240307617187,False,True
orig,R1 repaired net utility,2022-02-28,2022-01-31,2018-12-31,2022-01-31,-0.02087499258422852,0.0008237718639490107,-0.021698764448177532,0.042959000000000004,0.14999595929460183,0.06487657214666073,0.16988279663085934,0.19033679663085934,False,True
orig,R1 repaired net utility,2022-04-29,2022-02-28,2019-01-31,2022-02-28,0.02343899380493164,0.0007172942380868681,0.022721699566844774,0.033778,0.14998906860187144,0.054375309414841644,0.23033679435729987,0.24459179435729986,False,True
orig,R1 repaired net utility,2022-05-31,2022-04-29,2019-02-28,2022-04-29,-0.07777101477050781,0.0006844880623541208,-0.07845550283286193,0.035777,0.14998797951017523,0.05924437547439324,0.18357779373168945,0.19311579373168944,False,True
orig,R1 repaired net utility,2022-06-30,2022-05-31,2019-04-30,2022-05-31,-0.052420011001586914,0.0005863477011462703,-0.05300635870273318,0.033486,0.1499876591836894,0.06677424381350677,0.12468879730224611,0.1351847973022461,False,True
orig,R1 repaired net utility,2022-07-29,2022-06-30,2019-05-31,2022-06-30,0.045493992805480964,0.0006803032893770197,0.04481368951610394,0.03687800000000001,0.14998539157516314,0.04329989663074619,0.12007879760742188,0.13874279760742186,False,True
orig,R1 repaired net utility,2022-08-31,2022-07-29,2019-06-28,2022-07-29,0.015087011428833008,0.0004923113767078843,0.014594700052125124,0.029113,0.14998912292678315,0.05101270155701046,0.06323759857177735,0.07545859857177735,False,True
orig,R1 repaired net utility,2022-09-30,2022-08-31,2019-07-31,2022-08-31,0.00503999267578125,0.0005877711920381721,0.004452221483743078,0.03041,0.14999218977943402,0.056525536803072256,0.16125499755859377,0.17172999755859375,False,True
orig,R1 repaired net utility,2022-10-31,2022-09-30,2019-08-30,2022-09-30,-0.041973995727539064,0.0005395717911347738,-0.042513567518673835,0.042912,0.14999953896581084,0.07943546688677273,0.07439219970703126,0.09130819970703126,False,True
orig,R1 repaired net utility,2022-11-30,2022-10-31,2019-09-30,2022-10-31,-0.06702799584960938,0.0005448102491138279,-0.06757280609872321,0.034671,0.14999927389691114,0.060612476694109504,0.0827907974243164,0.0963667974243164,False,True
orig,R1 repaired net utility,2022-12-30,2022-11-30,2019-10-31,2022-11-30,-0.05411200555419922,0.0006496705561411877,-0.054761676110340406,0.037134,0.14999194469763694,0.054177908179006404,0.09515339889526368,0.11120339889526368,False,True
orig,R1 repaired net utility,2023-01-31,2022-12-30,2019-11-29,2022-12-30,0.051829014526367186,0.0004879945003545154,0.05134102002601267,0.035809,0.14999025787214176,0.03805036320181064,0.02112719985961914,0.04376619985961914,False,True
orig,R1 repaired net utility,2023-02-28,2023-01-31,2019-12-31,2023-01-31,0.035117003173828126,0.0005184390092896261,0.0345985641645385,0.032462,0.14999634478502083,0.054252684218485864,0.08064680160522461,0.0934928016052246,False,True
orig,R1 repaired net utility,2023-03-31,2023-02-28,2020-01-31,2023-02-28,0.005822006469726563,0.0004707326552102362,0.005351273814516327,0.038159,0.14999923109554905,0.048860904393820945,0.05744260025024414,0.07487160025024414,False,True
orig,R1 repaired net utility,2023-04-28,2023-03-31,2020-02-28,2023-03-31,-0.03282900457763672,0.0005368666062000634,-0.033365871183836784,0.037719,0.14999490828148837,0.05387554938054625,0.08577200164794922,0.09860100164794922,False,True
orig,R1 repaired net utility,2023-05-31,2023-04-28,2020-03-31,2023-04-28,0.029394998901367188,0.0006313874967711446,0.028763611404596042,0.035203,0.14999588330017022,0.047779053124585136,0.08313560119628907,0.10444060119628906,False,True
orig,R1 repaired net utility,2023-06-30,2023-05-31,2020-04-30,2023-05-31,0.04802798693847657,0.0006450998112032616,0.04738288712727331,0.033142,0.14999999780710097,0.057218985670597695,0.12560179809570313,0.13858179809570312,False,True
orig,R1 repaired net utility,2023-07-31,2023-06-30,2020-05-29,2023-06-30,-0.0008120111694335779,0.00043031229586452843,-0.0012423234652981063,0.030495,0.14999604691605126,0.04926383877659144,0.059222797393798834,0.07771979739379883,False,True
orig,R1 repaired net utility,2023-08-31,2023-07-31,2020-06-30,2023-07-31,-0.04127999920654296,0.0004828624029266594,-0.04176286160946962,0.039617,0.1499900810107803,0.043392042653836047,0.05045519973754883,0.07707519973754882,False,True
orig,R1 repaired net utility,2023-09-29,2023-08-31,2020-07-31,2023-08-31,-0.020637987182617185,0.0003955832781392214,-0.021033570460756407,0.040514,0.14999914268576794,0.04350951583424779,0.06680439941406249,0.08406039941406249,False,True
orig,R1 repaired net utility,2023-10-31,2023-09-29,2020-08-31,2023-09-29,-0.024568996887207033,0.000353889140617804,-0.024922886027824838,0.037576,0.1499977961667151,0.03525508471211369,0.037935000915527345,0.06048800091552735,False,True
orig,R1 repaired net utility,2023-11-30,2023-10-31,2020-09-30,2023-10-31,0.08582700982666015,0.0004948086426870516,0.0853322011839731,0.041794,0.14999890263092744,0.04286783426597744,0.052615599365234376,0.07845959936523438,False,True
orig,R1 repaired net utility,2023-12-29,2023-11-30,2020-10-30,2023-11-30,0.012330001220703123,0.0005138068945982142,0.011816194326104909,0.033395,0.1499859104810047,0.035303636691148534,0.06288240097045897,0.07710740097045897,False,True
orig,R1 repaired net utility,2024-01-31,2023-12-29,2020-11-30,2023-12-29,0.026697006591796885,0.0004187374145096262,0.026278269177287258,0.025821,0.1499954217848222,0.03465279038497152,0.039617599487304686,0.060798599487304684,False,True
orig,R1 repaired net utility,2024-02-29,2024-01-31,2020-12-31,2024-01-31,0.0433349935913086,0.0003994337756935974,0.042935559815615004,0.020847,0.14999366555153346,0.03626119490681321,0.08613780059814453,0.09870380059814454,False,True
orig,R1 repaired net utility,2024-04-30,2024-02-29,2021-01-29,2024-02-29,0.02351999755859375,0.0003567289747499566,0.023163268583843794,0.018225,0.1499913818035602,0.03473002415761731,0.09638080078125,0.10892580078125,False,True
orig,R1 repaired net utility,2024-05-31,2024-04-30,2021-02-26,2024-04-30,0.013395,0.00028786883595323214,0.013107131164046769,0.013395,0.14998977671621555,0.045529725356800416,0.12096280059814453,0.12096280059814453,False,True
orig,R1 repaired net utility,2024-06-28,2024-05-31,2021-03-31,2024-05-31,0.02877499920654297,0.00019308211371342764,0.02858191709282954,0.012707000000000001,0.14999486443906404,0.01290008211371343,0.0,0.012707000000000001,False,True
orig,R1 repaired net utility,2024-07-31,2024-06-28,2021-04-30,2024-06-28,-0.012966999420166015,0.0005646469529287652,-0.01353164637309478,0.025502000000000004,0.14999895899790794,0.04731855052888652,0.05188680038452148,0.06815480038452149,False,True
orig,R1 repaired net utility,2024-08-30,2024-07-31,2021-06-30,2024-07-31,0.01397100195312494,0.0005587486308880059,0.013412253322236934,0.026851,0.14999126827662937,0.043187512052570445,0.06553119812011719,0.0829221981201172,False,True
orig,R1 repaired net utility,2024-09-30,2024-08-30,2021-07-30,2024-08-30,-0.01401700244140625,0.0005307710499913736,-0.014547773491397624,0.026153000000000003,0.14999232824831182,0.04623956217597905,0.052146800231933604,0.0692118002319336,False,True
orig,R1 repaired net utility,2024-10-31,2024-09-30,2021-08-31,2024-09-30,0.017283998779296872,0.0005194074134475053,0.016764591365849367,0.027876,0.14999344114892477,0.04863538436538974,0.09794480102539063,0.10703080102539063,False,True
orig,R1 repaired net utility,2024-11-29,2024-10-31,2021-09-30,2024-10-31,0.037359991516113286,0.0004130907679624042,0.03694690074815088,0.025122,0.14999627231969045,0.04102666940273572,0.03717279846191407,0.05327679846191407,False,True
orig,R1 repaired net utility,2024-12-31,2024-11-29,2021-10-29,2024-11-29,0.017455999755859382,0.0003976859903527251,0.017058313765506657,0.024326,0.14999477579657702,0.03166241798335675,0.02411639923095703,0.045036399230957036,False,True
orig,R1 repaired net utility,2025-01-31,2024-12-31,2021-11-30,2024-12-31,0.0032620127563476554,0.00044736242560785075,0.0028146503307398046,0.025313,0.1499936808678476,0.04428930795864437,0.06445919677734374,0.08138419677734374,False,True
orig,R1 repaired net utility,2025-02-28,2025-01-31,2021-12-31,2025-01-31,-0.0171180087890625,0.0004010184165621176,-0.017519027205624618,0.028744,0.1499876303297306,0.030341322179225225,0.002401399993896484,0.030155399993896485,False,True
orig,R1 repaired net utility,2025-04-30,2025-02-28,2022-01-31,2025-02-28,-0.019096002746582005,0.00042404511366837545,-0.01952004786025038,0.027108,0.14999770643862687,0.03539817635502835,0.017488799743652344,0.03855579974365234,False,True
orig,R1 repaired net utility,2025-05-30,2025-04-30,2022-02-28,2025-04-30,0.07221898107910156,0.0004964330894645406,0.07172254798963702,0.027771,0.149991918473988,0.03587936887113649,0.04356799926757812,0.06385499926757812,False,True
orig,R1 repaired net utility,2025-06-30,2025-05-30,2022-04-29,2025-05-30,0.021625001220703127,0.0006076799381330052,0.021017321282570122,0.033405000000000004,0.14999212479856577,0.05400992994626999,0.11069320068359376,0.13074320068359374,False,True
orig,R1 repaired net utility,2025-07-31,2025-06-30,2022-05-31,2025-06-30,0.018845004516601552,0.0005134998354083859,0.018331504681193166,0.027724000000000002,0.14999840653650517,0.03311020334904138,0.06531860229492187,0.08630260229492187,False,True
orig,R1 repaired net utility,2025-08-29,2025-07-31,2022-06-30,2025-07-31,-0.004573014709472657,0.0004380286614433131,-0.00501104337091597,0.025102,0.1499860267721634,0.02976265769671156,0.05336099853515625,0.07489799853515625,False,True
orig,R1 repaired net utility,2025-09-30,2025-08-29,2022-07-29,2025-08-29,0.03589500061035155,0.0007607350772852496,0.0351342655330663,0.03581,0.1499890315142745,0.04403642219927743,0.0975407958984375,0.12044079589843751,False,True
orig,R1 repaired net utility,2025-10-31,2025-09-30,2022-08-31,2025-09-30,-0.008558998779296875,0.0005487765914788051,-0.00910777537077568,0.032421,0.14999050628614094,0.03938193184306471,0.09305120086669923,0.11352620086669923,False,True
orig,R1 repaired net utility,2025-11-28,2025-10-31,2022-09-30,2025-10-31,-0.04025699218749999,0.0005333505928776551,-0.040790342780377645,0.035989,0.14999291865134248,0.04137596615426192,0.07392800170898438,0.09124700170898438,False,True
orig,R1 repaired net utility,2025-12-31,2025-11-28,2022-10-31,2025-11-28,-0.004852984924316364,0.0005902863149986955,-0.0054432712393150595,0.032429,0.14999969258784715,0.031871044620008664,0.048883599853515626,0.07234559985351563,False,True
orig,R1 repaired net utility,2026-01-30,2025-12-31,2022-11-30,2025-12-31,0.0021079963378906152,0.0007365021137999122,0.001371494224090703,0.034907,0.14999509864163676,0.03496277547420225,0.12631900024414064,0.14702500024414064,False,True
orig,R1 repaired net utility,2026-02-27,2026-01-30,2022-12-30,2026-01-30,-0.012141000610351562,0.0007094004978061197,-0.012850401108157682,0.036619,0.14999440777443707,0.039412735246788844,0.13214860290527344,0.15017360290527346,False,True
orig,R1 repaired net utility,2026-03-31,2026-02-27,2023-01-31,2026-02-27,-0.01844500769042969,0.0007632542231002097,-0.0192082619135299,0.045027,0.14999375328043021,0.04660056194694761,0.10878040161132814,0.13367340161132812,False,True
orig,R1 repaired net utility,2026-04-30,2026-03-31,2023-02-28,2026-03-31,0.08838698583984377,0.0007085047683781185,0.08767848107146564,0.035621,0.14999361781668694,0.041956576125778036,0.11706119689941406,0.13775219689941406,False,True
larger,R1 repaired net utility,2021-01-29,2020-12-31,2017-11-30,2020-12-31,-0.017049008934020976,0.000944028468077696,-0.017993037402098674,0.036454,0.14998969729593659,0.04825102482290648,0.15684939910888673,0.17797239910888674,False,True
larger,R1 repaired net utility,2021-02-26,2021-01-29,2017-12-29,2021-01-29,0.005122990478515624,0.0008503053514775065,0.004272685127038117,0.048047999999999993,0.1499987642766191,0.04331916884145229,0.07403760162353516,0.09686360162353516,False,True
larger,R1 repaired net utility,2021-03-31,2021-02-26,2018-01-31,2021-02-26,-0.00698200588989258,0.000746519167853316,-0.007728525057745896,0.031661999999999996,0.14999837772023122,0.03461054154701933,0.06822060104370117,0.08486960104370117,False,True
larger,R1 repaired net utility,2021-04-30,2021-03-31,2018-02-28,2021-03-31,0.07752500189208986,0.0008620474362229505,0.0766629544558669,0.037294,0.14998689120089,0.04693876753112621,0.10804039810180666,0.13162039810180665,False,True
larger,R1 repaired net utility,2021-06-30,2021-04-30,2018-04-30,2021-04-30,-0.04908800228881836,0.0007204641220052285,-0.049808466410823586,0.042323,0.14999848779754898,0.05280688016849197,0.06462620025634766,0.08414420025634767,False,True
larger,R1 repaired net utility,2021-07-30,2021-06-30,2018-05-31,2021-06-30,0.012822996887207031,0.0011182039062106702,0.01170479298099636,0.03809,0.149994637600948,0.05428744779168695,0.2710680014038086,0.2929860014038086,False,True
larger,R1 repaired net utility,2021-08-31,2021-07-30,2018-06-29,2021-07-30,0.023188988464355468,0.0009858032133518756,0.022203185251003593,0.039493,0.14999071135486988,0.056398479228915166,0.18782320190429688,0.20904820190429688,False,True
larger,R1 repaired net utility,2021-09-30,2021-08-31,2018-07-31,2021-08-31,-0.025731005371093775,0.0010413897986533715,-0.026772395169747148,0.039483000000000004,0.14999032216896055,0.03697830961560014,0.16862540191650394,0.19734840191650393,False,True
larger,R1 repaired net utility,2021-10-29,2021-09-30,2018-08-31,2021-09-30,0.021496012054443382,0.0008751456511714255,0.020620866403271956,0.037595,0.14999466655646243,0.05488756416469481,0.17654080408772005,0.19682380408772004,False,True
larger,R1 repaired net utility,2021-11-30,2021-10-29,2018-09-28,2021-10-29,0.0799589873199463,0.0007890247854623483,0.07916996253448395,0.04915699999999999,0.14999279176940777,0.06143395321552309,0.05782480102539062,0.08072180102539062,False,True
larger,R1 repaired net utility,2021-12-31,2021-11-30,2018-10-31,2021-11-30,-0.015358016967773442,0.0008203012935467388,-0.01617831826132018,0.040506,0.14998685134337303,0.06116987317542578,0.1248018002319336,0.1436458002319336,False,True
larger,R1 repaired net utility,2022-01-31,2021-12-31,2018-11-30,2021-12-31,-0.046823002807617184,0.0010026978801739564,-0.04782570068779114,0.040445,0.14998983436285654,0.05724751033195527,0.1447446005130758,0.1669776005130758,False,True
larger,R1 repaired net utility,2022-02-28,2022-01-31,2018-12-31,2022-01-31,-0.0227449958190918,0.0008862570829192223,-0.02363125290201102,0.045061000000000004,0.14998834098592528,0.05896705168197915,0.13716599731445311,0.16265199731445312,False,True
larger,R1 repaired net utility,2022-04-29,2022-02-28,2019-01-31,2022-02-28,0.01584299530029297,0.0007663128643145471,0.015076682435978423,0.032902,0.14998926840342558,0.05113752912709739,0.21634819458007815,0.23186419458007815,False,True
larger,R1 repaired net utility,2022-05-31,2022-04-29,2019-02-28,2022-04-29,-0.06923001135626221,0.0006723860101919985,-0.0699023973664542,0.034165,0.14998953287416236,0.055236853730964486,0.1631817948155194,0.1727277948155194,False,True
larger,R1 repaired net utility,2022-06-30,2022-05-31,2019-04-30,2022-05-31,-0.055315009732057954,0.0006652723456440357,-0.05598028207770199,0.035578,0.14999616496426288,0.05906493745222247,0.12202479760650162,0.13513779760650163,False,True
larger,R1 repaired net utility,2022-07-29,2022-06-30,2019-05-31,2022-06-30,0.0380069961748291,0.000628640366189582,0.03737835580863951,0.029219,0.1499894597196887,0.038063845448625934,0.10249879826921646,0.12062979826921646,False,True
larger,R1 repaired net utility,2022-08-31,2022-07-29,2019-06-28,2022-07-29,0.010323003935399245,0.0006574745512098991,0.009665529384189346,0.03605,0.1499954386259879,0.05625679844140574,0.0647285985948935,0.0835815985948935,False,True
larger,R1 repaired net utility,2022-09-30,2022-08-31,2019-07-31,2022-08-31,0.00012199621582031136,0.0006247267034172281,-0.0005027304875969168,0.030896,0.14999330312908768,0.05346799020439996,0.1429009979248047,0.1559219979248047,False,True
larger,R1 repaired net utility,2022-10-31,2022-09-30,2019-08-30,2022-09-30,-0.02717899862701874,0.0005165642477386789,-0.027695562874757416,0.037479,0.14998799425131407,0.06078466907168521,0.06494419982910157,0.08070719982910157,False,True
larger,R1 repaired net utility,2022-11-30,2022-10-31,2019-09-30,2022-10-31,-0.05639499362134362,0.0006696100804240231,-0.05706460370176764,0.037301,0.14998756168156924,0.05424551283367392,0.10636719846089439,0.1222081984608944,False,True
larger,R1 repaired net utility,2022-12-30,2022-11-30,2019-10-31,2022-11-30,-0.04064300292347413,0.0007560254685102209,-0.04139902839198435,0.039825,0.14999894175176254,0.050251649082472455,0.08697719911785522,0.10583319911785521,False,True
larger,R1 repaired net utility,2023-01-31,2022-12-30,2019-11-29,2022-12-30,0.029726009310531612,0.000469177727667819,0.029256831582863792,0.030895000000000002,0.14999860911058308,0.032079465814128794,0.03832459977048691,0.05449159977048691,False,True
larger,R1 repaired net utility,2023-02-28,2023-01-31,2019-12-31,2023-01-31,0.018992997314453128,0.0006640431313757559,0.01832895418307737,0.035615,0.14998768035238308,0.05843321120936764,0.09213380155008255,0.10751780155008255,False,True
larger,R1 repaired net utility,2023-03-31,2023-02-28,2020-01-31,2023-02-28,0.005682004501342774,0.0006297929375818761,0.005052211563760897,0.042198,0.14999773198729777,0.04910327160784789,0.058261200262030334,0.08015420026203034,False,True
larger,R1 repaired net utility,2023-04-28,2023-03-31,2020-02-28,2023-03-31,-0.03284200344772338,0.000633369286769373,-0.033475372734492755,0.039815,0.1499869662864168,0.05669216260056467,0.07236580164459228,0.09038080164459228,False,True
larger,R1 repaired net utility,2023-05-31,2023-04-28,2020-03-31,2023-04-28,0.03706399493408203,0.000816708352471553,0.03624728658161048,0.04089399999999999,0.14998867945758237,0.04034210292372879,0.08138360076904297,0.10932960076904297,False,True
larger,R1 repaired net utility,2023-06-30,2023-05-31,2020-04-30,2023-05-31,0.04356199099731445,0.0008178274520702612,0.042744163545244185,0.03793300000000001,0.14998969743556725,0.05261220569470368,0.14372479782104491,0.1641927978210449,False,True
larger,R1 repaired net utility,2023-07-31,2023-06-30,2020-05-29,2023-06-30,-0.004928011169433576,0.0007357070597177817,-0.0056637182291513575,0.040317,0.14998748423734995,0.04475285986772197,0.08243679733276368,0.10955279733276369,False,True
larger,R1 repaired net utility,2023-08-31,2023-07-31,2020-06-30,2023-07-31,-0.02182200085449218,0.0006134552900391245,-0.022435456144531303,0.036638000000000004,0.1499861458529993,0.03618750533137406,0.03367839965820313,0.06320639965820313,False,True
larger,R1 repaired net utility,2023-09-29,2023-08-31,2020-07-31,2023-08-31,-0.013699997314453115,0.0006288654827466117,-0.014328862797199726,0.050931000000000004,0.14999889338691139,0.029315519340575445,0.0801520004272461,0.1059470004272461,False,True
larger,R1 repaired net utility,2023-10-31,2023-09-29,2020-08-31,2023-09-29,-0.016449991210937508,0.0007746700395923386,-0.017224661250529846,0.051190000000000006,0.14999364081824743,0.03052951499809115,0.049384201049804684,0.08411520104980469,False,True
larger,R1 repaired net utility,2023-11-30,2023-10-31,2020-09-30,2023-10-31,0.07841802340698242,0.0007899014842258127,0.07762812192275662,0.051288,0.14999558652993514,0.035193571297364945,0.05404519973754883,0.09037919973754882,False,True
larger,R1 repaired net utility,2023-12-29,2023-11-30,2020-10-30,2023-11-30,0.03865600093078613,0.0007438052551055037,0.037912195675680625,0.038694,0.14999914327542618,0.027388329700751512,0.1124431982421875,0.1321651982421875,False,True
larger,R1 repaired net utility,2024-01-31,2023-12-29,2020-11-30,2023-12-29,0.030039008209228522,0.0006800916418976882,0.029358916567330834,0.032839,0.14999599002095454,0.03397103566489108,0.0596063996887207,0.08665339968872071,False,True
larger,R1 repaired net utility,2024-02-29,2024-01-31,2020-12-31,2024-01-31,0.02912199334411621,0.0005445623802550932,0.028577430963861117,0.023311,0.14999371301125958,0.029943395756514057,0.10895879913330078,0.12338979913330078,False,True
larger,R1 repaired net utility,2024-04-30,2024-02-29,2021-01-29,2024-02-29,0.015462992279052738,0.0007300013622397939,0.014732990916812943,0.033634,0.14999069345623253,0.03105784863820808,0.10659919982910157,0.13199519982910157,False,True
larger,R1 repaired net utility,2024-05-31,2024-04-30,2021-02-26,2024-04-30,0.026295000793457035,0.0005317428398313928,0.02576325795362564,0.022587000000000003,0.1499882652025447,0.031020682353354305,0.10159179977416992,0.11507179977416993,False,True
larger,R1 repaired net utility,2024-06-28,2024-05-31,2021-03-31,2024-05-31,0.034890001281738275,0.00048001871812841695,0.03440998256360986,0.022883,0.14998623573241537,0.04080672829379651,0.06520920166015626,0.08147120166015626,False,True
larger,R1 repaired net utility,2024-07-31,2024-06-28,2021-04-30,2024-06-28,-0.017126005554199217,0.0005950667790607731,-0.01772107233325999,0.026216999999999997,0.14999421160953502,0.03458938919375513,0.07580180053710937,0.09534780053710937,False,True
larger,R1 repaired net utility,2024-08-30,2024-07-31,2021-06-30,2024-07-31,0.031764004272460934,0.0008112827495189553,0.03095272152294198,0.036369,0.14999082035012226,0.04968403907054929,0.12315459884643555,0.14335459884643556,False,True
larger,R1 repaired net utility,2024-09-30,2024-08-30,2021-07-30,2024-08-30,-0.021091011688232426,0.0006925206252115265,-0.021783532313443953,0.031829,0.14999802839759088,0.039026081379712335,0.06810300109863282,0.09186600109863283,False,True
larger,R1 repaired net utility,2024-10-31,2024-09-30,2021-08-31,2024-09-30,0.0032769952697754064,0.0007045860170074093,0.002572409252767997,0.037238,0.14999875081379518,0.05491339775079086,0.10452480072021485,0.11802280072021484,False,True
larger,R1 repaired net utility,2024-11-29,2024-10-31,2021-09-30,2024-10-31,0.01976299774169924,0.0006730581229033726,0.01908993961879587,0.0343,0.1499946233741928,0.03831890186046972,0.08464799896240234,0.10816299896240233,False,True
larger,R1 repaired net utility,2024-12-31,2024-11-29,2021-10-29,2024-11-29,-0.00988700012207031,0.0007057001555779789,-0.01059270027764829,0.039476,0.14999930638116676,0.036642603237447634,0.026747399291992192,0.0624073992919922,False,True
larger,R1 repaired net utility,2025-01-31,2024-12-31,2021-11-30,2024-12-31,0.002833011688232411,0.0006938706853332984,0.0021391410028991126,0.037993,0.14999187874638675,0.040261209164078354,0.05035539825439453,0.08070239825439453,False,True
larger,R1 repaired net utility,2025-02-28,2025-01-31,2021-12-31,2025-01-31,-0.005966986572265654,0.0006400488425166611,-0.006607035414782315,0.036129,0.14999337345375374,0.03898095828195732,0.016221600341796878,0.05021960034179688,False,True
larger,R1 repaired net utility,2025-04-30,2025-02-28,2022-01-31,2025-02-28,-0.03403800048828124,0.0007735129113526841,-0.034811513399633925,0.040972999999999996,0.14999945362172842,0.04327231386521805,0.028406199951171874,0.06396319995117188,False,True
larger,R1 repaired net utility,2025-05-30,2025-04-30,2022-02-28,2025-04-30,0.04252798706054686,0.0006766115329450695,0.04185137552760179,0.035112,0.14999361406897596,0.03363699676253359,0.11162079833984376,0.13581279833984375,False,True
larger,R1 repaired net utility,2025-06-30,2025-05-30,2022-04-29,2025-05-30,-0.005353002685546874,0.0007571944102963547,-0.006110197095843229,0.038992,0.14999415802990454,0.046880251901287334,0.06373600097656251,0.09470400097656251,False,True
larger,R1 repaired net utility,2025-07-31,2025-06-30,2022-05-31,2025-06-30,0.009791999145507808,0.0007638729288034538,0.009028126216704355,0.036321000000000006,0.14999078966696847,0.03634307752049264,0.0637156021118164,0.0929366021118164,False,True
larger,R1 repaired net utility,2025-08-29,2025-07-31,2022-06-30,2025-07-31,0.009577980697631838,0.000705822502012898,0.00887215819561894,0.032432,0.14999042134043847,0.03298268070996309,0.1153745997619629,0.1364465997619629,False,True
larger,R1 repaired net utility,2025-09-30,2025-08-29,2022-07-29,2025-08-29,0.026081000152587883,0.0009441987952962013,0.025136801357291683,0.042557,0.14998773037529692,0.034653812811995026,0.14754979858398437,0.17697279858398438,False,True
larger,R1 repaired net utility,2025-10-31,2025-09-30,2022-08-31,2025-09-30,-0.002659993644714355,0.000705489837500301,-0.003365483482214656,0.03275,0.14999374965279838,0.037426608905044886,0.12893379936218263,0.14982779936218263,False,True
larger,R1 repaired net utility,2025-11-28,2025-10-31,2022-09-30,2025-10-31,-0.026140000053405762,0.0007931832339881885,-0.026933183287393952,0.04518,0.14999479512927555,0.035368413406858715,0.09984640316009522,0.13016240316009522,False,True
larger,R1 repaired net utility,2025-12-31,2025-11-28,2022-10-31,2025-11-28,-0.004931987030029245,0.0009689152711713504,-0.005900902301200595,0.047837,0.1499986431643448,0.03367642822767902,0.10803140258789064,0.14396240258789064,False,True
larger,R1 repaired net utility,2026-01-30,2025-12-31,2022-11-30,2025-12-31,0.02098699316406249,0.0009323502621548811,0.020054642901907612,0.043983999999999995,0.14998516896558212,0.04016813019750515,0.14004340026855466,0.16861240026855467,False,True
larger,R1 repaired net utility,2026-02-27,2026-01-30,2022-12-30,2026-01-30,0.009070995971679686,0.0008794214318102656,0.00819157453986942,0.044517,0.14999429267625652,0.04394241836409477,0.1325312030029297,0.1569772030029297,False,True
larger,R1 repaired net utility,2026-03-31,2026-02-27,2023-01-31,2026-02-27,-0.04772300274658203,0.0010109449926944008,-0.04873394773927643,0.056065000000000004,0.14999699853707885,0.047189754887237464,0.10004400146484375,0.13637800146484375,False,True
larger,R1 repaired net utility,2026-04-30,2026-03-31,2023-02-28,2026-03-31,0.09559398974609376,0.0010733795072337378,0.09452061023886002,0.051162,0.14999798367764244,0.03936018602102623,0.1126247967529297,0.1488347967529297,False,True
